SKU,reelNumber,Description,location,counted,capturedQuantity,notes,isActive,isReel,isTwoWayReel,footageFactor,innerSequence,outerSequence,innerSequence2,outerSequence2
180,,"POLE, CLASS 5, 30'",Y01,,30,,TRUE,,,,,,,
190,,"POLE, CLASS 5, 35'",Y01,,,,TRUE,,,,,,,
206,,70 FT CORTEN STEEL POLE,Y01,,,,TRUE,,,,,,,
421,,3M #4365 - 200X X-CONNECT,S04,,,,TRUE,,,,,,,
422,,3M #4382 - 600X X-CONNECT CABINET,S04,,,,TRUE,,,,,,,
426,,3M #4220SVB-A MIDSPAN X CONNECT CABINET,Y01,,,,TRUE,,,,,,,
428,,"FS BDO 8""PEDESTAL, GREEN, PLASTIC 8X8X25",FG,,,,TRUE,,,,,,,
431,,"CI BD7,NON-METALLIC PEDESTAL",FT,,,,TRUE,,,,,,,
432,,"CI BDO 4ET, W/SC TERMINAL PLATE",FG,,,,TRUE,,,,,,,
434,,"CI BDO 203EG, 8"" PED W/SC TERMINAL PLATE",FG,,,,TRUE,,,,,,,
434,,"CI BDO 203EG, 8"" PED W/SC TERMINAL PLATE",FT,,,,TRUE,,,,,,,
436,,"CI BDO 204EG, 10"" PED, SC TERMINAL PLATE",FG,,,,TRUE,,,,,,,
436,,"CI BDO 204EG, 10"" PED, SC TERMINAL PLATE",FT,,,,TRUE,,,,,,,
437,,"PLP-F COYPED8 8"" PED W(1)FLIPTICK(2) BDO",FG,,,,TRUE,,,,,,,
438,,"CI COMBO BDO 205EB, 10"" PED COPPER&FIBER",FG,,,,TRUE,,,,,,,
439,,CI-AMPHENOL Z14 PEDESTAL HOUSING,Y01,,,,TRUE,,,,,,,
701,,TYCO FOSC 450 A CLOSURE,4800,,,,TRUE,,,,,,,
708,,TYCO FOSC 450 FIBER B CLOSURE,3900,,,,TRUE,,,,,,,
708,,TYCO FOSC 450 FIBER B CLOSURE,S03,,,,TRUE,,,,,,,
710,,TYCO FOSC 450 FIBER D CLOSURE,3900,,,,TRUE,,,,,,,
710,,TYCO FOSC 450 FIBER D CLOSURE,4500,,,,TRUE,,,,,,,
716,,TYCO FOSC 450 FIBER C CLOSURE,3700,,,,TRUE,,,,,,,
716,,TYCO FOSC 450 FIBER C CLOSURE,4600,,,,TRUE,,,,,,,
718,,FOSC 600 D CLOSURE,3700,,,,TRUE,,,,,,,
720,,AIR FOSC SIZE A,4700,,,,TRUE,,,,,,,
732,,AFL FC001089 ENCLOSURE LG-500-FTTX-12,9700,,,,TRUE,,,,,,,
733,,AFL 24 SLIM-LINE FIBER PED,FG,,,,TRUE,,,,,,,
734,,AFL LG-600 FTTX-32 FO SPLICE CLOSURE,4600,,,,TRUE,,,,,,,
740,,APEX FIBER OPTICCLOSURE X-2 SIZE,3900,,,,TRUE,,,,,,,
740,,APEX FIBER OPTICCLOSURE X-2 SIZE,4400,,,,TRUE,,,,,,,
821,,12 PR NID PROTECTOR,3800,,,,TRUE,,,,,,,
826,,"GROUNDING ROD 2 5/8"" VERTICAL",Y01,,,,TRUE,,,,,,,
828,,"GROUNDING ROD 2 5/8"" HORIZONTAL",Y01,,,,TRUE,,,,,,,
830,,OFDC FIBER DISTRIBTION CLOSURE B8G,4900,,,,TRUE,,,,,,,
1015,,"ARMADILLO STAINLESS SHELL KIT, 4 X 25""",S02,,,,TRUE,,,,,,,
1018,,8006429 SS CASE 6 1/2X22,S02,,,,TRUE,,,,,,,
1025,,"8000634 SS CASE 6.5X38""",S02,,,,TRUE,,,,,,,
1030,,"SPLICE CASE 9.5 x 28"" #8006368",S02,,,,TRUE,,,,,,,
1035,,"SPLICE CASE 9.5 x 38"" #8006370",S02,,,,TRUE,,,,,,,
1037,,8006371 SS CASE 9.5X45,1100,,,,TRUE,,,,,,,
1038,,"SPLICE CASE 12.5 x 38"" #8006373",S02,,,,TRUE,,,,,,,
1400,,3M SLIC 530 4 PORT APC AERIAL TERMINAL,S02,,,,TRUE,,,,,,,
1401,,3M SLIC 530 4 PORT UPC AERIAL TERMINAL,9100,,,,TRUE,,,,,,,
1401,,3M SLIC 530 4 PORT UPC AERIAL TERMINAL,S02,,,,TRUE,,,,,,,
1402,,3M SLIC 530 6PORT AERIAL TERMINAL,9100,,,,TRUE,,,,,,,
1404,,3M SLIC 530 8PORT AERIAL TERMINAL,9100,,,,TRUE,,,,,,,
1404,,3M SLIC 530 8PORT AERIAL TERMINAL,S02,,,,TRUE,,,,,,,
1410,,3M SLIC 733 AERIAL TERMINAL,S02,,,,TRUE,,,,,,,
1452,,3M 6 FIBER DOME - 1500FT,C2,,,,TRUE,,,,,,,
1468,,3M 8 FIBER DOME - 1500FT,C2,,,,TRUE,,,,,,,
1470,,3M 4 FIBER DOME - 200FT TONE,C2,,,,TRUE,,,,,,,
1472,,3M 4 FIBER DOME - 250FT TONE,C2,,,,TRUE,,,,,,,
1476,,3M 4 FIBER DOME-500FT TONEABLE,C2,,,,TRUE,,,,,,,
1515,,"HUBBELL 40X64X36, STACKABLE HH",Y01,,,,TRUE,,,,,,,
1516,,JH AMER 36x60x36  CONCRETE TIER 22 HH,EB,,,,TRUE,,,,,,,
1522,,"OLD CASTLE 55""BW x 38""H x 39""TW   VAULT",Y01,,,,TRUE,,,,,,,
1530,,"OLDCASTLE 55""BW x 36""H x 39""TW HH",EB,,,,TRUE,,,,,,,
1532,,"OLDCASTLE 55""BW x 48""H x 39""TW HH",Y01,,,,TRUE,,,,,,,
1534,,"OLDCASTLE 32""BW x 48""H x 25""TW HH",Y01,,,,TRUE,,,,,,,
1536,,JH AMER 17X30X27 HH,Y01,,,,TRUE,,,,,,,
1538,,HUBBELL 24X36X48 HH T22,EB,,,,TRUE,,,,,,,
1544,,OLD CASTLE 30W x 44L x 36T  POLYMER HH,Y01,,,,TRUE,,,,,,,
1544,,OLD CASTLE 30W x 44L x 36T  POLYMER HH,SB,,,,TRUE,,,,,,,
1600,,CS 300 6-PORT OPTICAL TERMINAL ENCLOSURE,CT15,,,,TRUE,,,,,,,
1602,,CS 300 8-PORT OPTICAL TERMINAL CLOSURE,CT15,,,,TRUE,,,,,,,
1610,,AFL 24F SC /APC INTERCONNECT KIT LL-550,8400,,,,TRUE,,,,,,,
1610,,AFL 24F SC /APC INTERCONNECT KIT LL-550,9700,,,,TRUE,,,,,,,
1616,,CS 2 PORT 100 FT MST TONEABLE,C1,,,,TRUE,,,,,,,
1618,,CS 2 PORT 500 FT MST TONEABLE,8200,,,,TRUE,,,,,,,
1618,,CS 2 PORT 500 FT MST TONEABLE,C1,,,,TRUE,,,,,,,
1620,,CS 2 PORT 1000 FT MST TONEABLE,8300,,,,TRUE,,,,,,,
1620,,CS 2 PORT 1000 FT MST TONEABLE,9500,,,,TRUE,,,,,,,
1624,,CS 4FBR MST-500FT DIELECTRIC,8300,,,,TRUE,,,,,,,
1624,,CS 4FBR MST-500FT DIELECTRIC,S01,,,,TRUE,,,,,,,
1630,,CS 4FBR MST-1000FT DIELECTRIC,8300,,,,TRUE,,,,,,,
1630,,CS 4FBR MST-1000FT DIELECTRIC,C2,,,,TRUE,,,,,,,
1641,,CS 6 FIBER MST-200FT DIELECTRIC,8300,,,,TRUE,,,,,,,
1644,,CS 6 FIBER MST-500FT DIELECTRIC,C1,,,,TRUE,,,,,,,
1652,,CS 6 FIBER MST-1200FT DIELECTRIC,8300,,,,TRUE,,,,,,,
1654,,CS 6 FIBER MST-1500FT DIELECTRIC,8300,,,,TRUE,,,,,,,
1661,,CS 8 FIBER MST-200FT DIELECTRIC,8500,,,,TRUE,,,,,,,
1664,,CS 8 FIBER MST-500FT DIELECTRIC,C1,,,,TRUE,,,,,,,
1672,,CS 8 FIBER MST-1200FT DIELECTRIC,8300,,,,TRUE,,,,,,,
1674,,CS 8 FIBER MST-1500FT DIELECTRIC,9800,,,,TRUE,,,,,,,
1676,,CS 8 FIBER MST-2000FT DIELECTRIC,8400,,,,TRUE,,,,,,,
1676,,CS 8 FIBER MST-2000FT DIELECTRIC,C1,,,,TRUE,,,,,,,
1681,,CS 4 PORT 200FT TONEABLE MST,8200,,,,TRUE,,,,,,,
1681,,CS 4 PORT 200FT TONEABLE MST,9200,,,,TRUE,,,,,,,
1681,,CS 4 PORT 200FT TONEABLE MST,C1,,,,TRUE,,,,,,,
1682,,CS 4 PORT 500FT TONEABLE MST,4400,,,,TRUE,,,,,,,
1682,,CS 4 PORT 500FT TONEABLE MST,4500,,,,TRUE,,,,,,,
1682,,CS 4 PORT 500FT TONEABLE MST,8200,,,,TRUE,,,,,,,
1682,,CS 4 PORT 500FT TONEABLE MST,8300,,,,TRUE,,,,,,,
1682,,CS 4 PORT 500FT TONEABLE MST,8500,,,,TRUE,,,,,,,
1682,,CS 4 PORT 500FT TONEABLE MST,9400,,,,TRUE,,,,,,,
1682,,CS 4 PORT 500FT TONEABLE MST,9800,,,,TRUE,,,,,,,
1682,,CS 4 PORT 500FT TONEABLE MST,S01,,,,TRUE,,,,,,,
1682,,CS 4 PORT 500FT TONEABLE MST,C1,,,,TRUE,,,,,,,
1683,,CORNING EVOLV 2 PORT 200FT MST TONEABLE,C5,,,,TRUE,,,,,,,
1684,,CS 4 PORT 1000FT TONEABLE MST,C4,,,,TRUE,,,,,,,
1684,,CS 4 PORT 1000FT TONEABLE MST,C3,,,,TRUE,,,,,,,
1685,,CORNING EVOLV 2 PORT 1500FT MST TONEABLE,C5,,,,TRUE,,,,,,,
1686,,CS 4 PORT 1500FT TONEABLE MST,C3,,,,TRUE,,,,,,,
1687,,CS 4 PORT 2000FT TONEABLE MST,C4,,,,TRUE,,,,,,,
1688,,CS 6 PORT 200FT TONEABLE MST,8200,,,,TRUE,,,,,,,
1688,,CS 6 PORT 200FT TONEABLE MST,9700,,,,TRUE,,,,,,,
1689,,CORNING EVOLV 4 PORT 750FT MST TONEABLE,C5,,,,TRUE,,,,,,,
1690,,CS 6 PORT 500FT TONEABLE MST,9700,,,,TRUE,,,,,,,
1690,,CS 6 PORT 500FT TONEABLE MST,C4,,,,TRUE,,,,,,,
1690,,CS 6 PORT 500FT TONEABLE MST,C1,,,,TRUE,,,,,,,
1691,,TERMINAL 4 PORT MST 500' TONEABLE,C3,,,,TRUE,,,,,,,
1692,,TERMINAL 4 PORT MST 800' TONEABLE,C4,,,,TRUE,,,,,,,
1693,,CORNING EVOLV 4 PORT 200FT MST TONEABLE,9100,,,,TRUE,,,,,,,
1694,,CORNING EVOLV 4 PORT 500FT MST TONEABLE,S04,,,,TRUE,,,,,,,
1695,,CORNING EVOLV 4 PORT 1000FT MST TONEABLE,S03,,,,TRUE,,,,,,,
1695,,CORNING EVOLV 4 PORT 1000FT MST TONEABLE,S04,,,,TRUE,,,,,,,
1696,,CORNING EVOLV 4 PORT 1500FT MST TONEABLE,4600,,,,TRUE,,,,,,,
1697,,CORNING EVOLV 6 PORT 200 FT MST TONEABLE,9100,,,,TRUE,,,,,,,
1698,,CORNING EVOLV 6 PORT 500 FT MST TONEABLE,8500,,,,TRUE,,,,,,,
1699,,CORNING EVOLV 6 PORT 1000FT MST TONEABLE,W02,,,,TRUE,,,,,,,
1700,,CS 6 PORT 1000FT TONEABLE MST,4700,,,,TRUE,,,,,,,
1702,,CS 6 PORT 1500FT TONEABLE MST,8200,,,,TRUE,,,,,,,
1706,,CS 8 PORT 200FT TONEABLE MST,8300,,,,TRUE,,,,,,,
1706,,CS 8 PORT 200FT TONEABLE MST,C1,,,,TRUE,,,,,,,
1708,,CS 8 PORT 500FT TONEABLE MST,8200,,,,TRUE,,,,,,,
1708,,CS 8 PORT 500FT TONEABLE MST,C1,,,,TRUE,,,,,,,
1710,,CS 8 PORT 1000FT TONEABLE MST,9500,,,,TRUE,,,,,,,
1712,,CS 8 PORT 1500FT TONEABLE MST,C1,,,,TRUE,,,,,,,
1713,,CORNING EVOLV 6 PORT 2500FT MST TONEABLE,C3,,,,TRUE,,,,,,,
1714,,CS 8 PORT 2000FT TONEABLE MST,C1,,,,TRUE,,,,,,,
1715,,CORNING EVOLV 6 PORT 1500FT MST TONEABLE,9500,,,,TRUE,,,,,,,
1718,,COR SPLICE CLOSURE 384 SINGLE FIBER,9700,,,,TRUE,,,,,,,
1720,,CORNING EVOLV 4 PORT 20FT MST TONEABLE,9100,,,,TRUE,,,,,,,
1721,,CORNING EVOLV 4 PORT 2500FT MST TONEABLE,C3,,,,TRUE,,,,,,,
1722,,CORNING EVOLV 4 PORT 125FT MST TONEABLE,9100,,,,TRUE,,,,,,,
1722,,CORNING EVOLV 4 PORT 125FT MST TONEABLE,W02,,,,TRUE,,,,,,,
1723,,CORNING EVOLV 4 PORT 1200FT MST TONEABLE,9700,,,,TRUE,,,,,,,
1724,,CORNING EVOLV 4 PORT 2000FT MST TONEABLE,9700,,,,TRUE,,,,,,,
1726,,CORNING EVOLV 6 PORT 20FT MST TONEABLE,9100,,,,TRUE,,,,,,,
1728,,CORNING EVOLV 6 PORT 150FT MST TONEABLE,9100,,,,TRUE,,,,,,,
1730,,CORNING EVOLV 8 PORT 20FT MST TONEABLE,9100,,,,TRUE,,,,,,,
1731,,CORNING EVOLV 2 PORT 500FT MST TONEABLE,8400,,,,TRUE,,,,,,,
1732,,CORNING EVOLV 2 PORT 1000FT MST TONEABLE,8400,,,,TRUE,,,,,,,
1733,,CORNING EVOLV 8 PORT 200FT MST TONEABLE,9200,,,,TRUE,,,,,,,
1734,,CORNING EVOLV 8 PORT 2000FT MST TONEABLE,C4,,,,TRUE,,,,,,,
3301,,ePhone4x v2 5000-0948,CT10,,,,TRUE,,,,,,,
3302,,ePhone 8 5000-0949,9100,,,,TRUE,,,,,,,
3303,,eSIP Evolution 50e 5000-1010,CT10,,,,TRUE,,,,,,,
3305,,"DECT CORDLESS HANDSET 2.4"" COLOR SCREEN",CT10,,,,TRUE,,,,,,,
3306,,eSIP Evolution 200e 5000-1011,CT10,,,,TRUE,,,,,,,
4111,,POSITRON BRX-VDSL2,CT11,,,,TRUE,,,,,,,
4943,,ENERSYS SBS 15 BATT 14AH 12V,1200,,,,TRUE,,,,,,,
4964,,AM PRODUCT MINI-FORT ENCLOSURE 32TX24WX,S01,,,,TRUE,,,,,,,
4964,,AM PRODUCT MINI-FORT ENCLOSURE 32TX24WX,S02,,,,TRUE,,,,,,,
5004,,ENERSYS SBS 145F 145AH 12V BATTERY,1200,,,,TRUE,,,,,,,
5013,,MICROPACK RECTIFIER 250W 48V 85-300VAC,CT15,,,,TRUE,,,,,,,
5016,,RECTIFIER 48V 10A 500W 2RU,CT13,,,,TRUE,,,,,,,
5019,,ELTEK 1500W RECTIFIER,CT14,,,,TRUE,,,,,,,
5021,,VALERE 30A RECT FOR ODC-100,CT11,,,,TRUE,,,,,,,
5023,,ELTEK JK SHELF 2SLOT,CT14,,,,TRUE,,,,,,,
5026,,VALERE POWER FUSE DIST (PFD),9100,,,,TRUE,,,,,,,
5027,,JK VALERE NIC2001 SYSTEM CONTROLLER,CT14,,,,TRUE,,,,,,,
5028,,VALERE BC2000 48V SYSTEM CONTROLLER,CT15,,,,TRUE,,,,,,,
5029,,QUAD LINE POWER UP-CONVERTER,8300,,,,TRUE,,,,,,,
5033,,UPSTREAM REMOTE POWER MODULE,CT13,,,,TRUE,,,,,,,
5046,,ELTEK CPMPACK CONTROLLER MICROPACK,C3,,,,TRUE,,,,,,,
5046,,ELTEK CPMPACK CONTROLLER MICROPACK,CT15,,,,TRUE,,,,,,,
5052,,OCCAM 6314 FTTP BLADE,CT14,,,,TRUE,,,,,,,
5053,,ACCEDIAN METRONID GT AC PWR 725-040,CT14,,,,TRUE,,,,,,,
5055,,"ACCEDIAN 19"" BRACKET 1RU AES-1GT-1UR",CT13,,,,TRUE,,,,,,,
5095,,ESPI TITAN 24V OUTDOOR UPS,3800,,,,TRUE,,,,,,,
5096,,CALIX ACTIVE ONT 2364 W/T1,C5,,,,TRUE,,,,,,,
5108,,CALIX CSFP 20KM 1490NM LC LASER,7900,,,,TRUE,,,,,,,
5111,,"CALIX LASER, SC, 1310X 1490R",7900,,,,TRUE,,,,,,,
5113,,OCCAM 1310X-EO LASER-15dB(LC,7900,,,,TRUE,,,,,,,
5118,,OCCAM 1310X LASER-10KM(LC),7900,,,,TRUE,,,,,,,
5120,,OCCAM 1310X LASER-20KM (LC),7900,,,,TRUE,,,,,,,
5121,,CALIX 1GE BIDI SFP 40KM 1310NM LC,7900,,,,TRUE,,,,,,,
5123,,CALIX 1GE BIDI SFP 40KM 1490NM LC,7900,,,,TRUE,,,,,,,
5125,,CALIX 1GE BIDI SFP 20KM 1490 (LC),7900,,,,TRUE,,,,,,,
5129,,CALIX 1 GE SFP UTP COPPER,7900,,,,TRUE,,,,,,,
5130,,OCCAM RTC 4011 ENCLOSURE,S05,,,,TRUE,,,,,,,
5170,,OCCAM SFP 2CH BI DIRECTIONAL,7900,,,,TRUE,,,,,,,
5176,,SOLID OPTICS LASER CWDM MOD MUX,CT13,,,,TRUE,,,,,,,
5178,,SOLID OPTICS MOD MUX CHASSIS,CT13,,,,TRUE,,,,,,,
5185,,SOLID OPTICS SFP+ 10G 40K 1550NM  I-TEMP,7900,,,,TRUE,,,,,,,
5208,,ADTRAN OPTI-6100 SERIES OMM48VE CARD,CT15,,,,TRUE,,,,,,,
5211,,OMNITRON ICONV MOD CHASSIS,CT14,,,,TRUE,,,,,,,
5212,,OMNITRON ICONV XG EXT TEMP,CT14,,,,TRUE,,,,,,,
5219,,AP AC UNIT AM58-84P-AC800000-230IQ-RD,S01,,,,TRUE,,,,,,,
5219,,AP AC UNIT AM58-84P-AC800000-230IQ-RD,BC,,,,TRUE,,,,,,,
5229,,MESA SPORT CABINET,Y01,,,,TRUE,,,,,,,
5235,,AP 864 FIBER SPLITTER CABINET,Y01,,,,TRUE,,,,,,,
5238,,AP 432 FIBER SPLITTER VAULT,Y01,,,,TRUE,,,,,,,
5302,,ARIA 6FBR SC/UPC SPLICE MINI WALL MNT LD,7800,,,,TRUE,,,,,,,
5304,,ARIA 1RU 12 PRT FBR PANEL W/300FT OSP T,9400,,,,TRUE,,,,,,,
5306,,ARIA 1RU 24 PRT FBR PANEL W/200FT OSP T,9400,,,,TRUE,,,,,,,
5308,,CS 1x32 GPON SPLITTER CASSETTE,CT15,,,,TRUE,,,,,,,
5322,,ARIA 72 PORT FIBER PANEL W/TAIL,C4,,,,TRUE,,,,,,,
5322,,ARIA 72 PORT FIBER PANEL W/TAIL,S06,,,,TRUE,,,,,,,
5324,,ARIA 4RU 144PRT FBRPANEL W/200 FT OSPTAI,C4,,,,TRUE,,,,,,,
5398,,CALIX 1G SFP BiDi TX 1490/1550RX 80K COD,7900,,,,TRUE,,,,,,,
5399,,CALIX 1G SFP BiDi TX 1550/1490RX 80K COD,7900,,,,TRUE,,,,,,,
5400,,CALIX ACTIVE FBR ONT 2343-02,8100,,,,TRUE,,,,,,,
5402,,CALIX 717GE COMBO ONT,3800,,,,TRUE,,,,,,,
5403,,CALIX GIGAPOINT ONT 801Gv2 100-04796,C5,,,,TRUE,,,,,,,
5407,,CALIX 744GE COMBO ONT WITH T1,8100,,,,TRUE,,,,,,,
5410,,CALIX E3-48 POLE MOUNT BRACKET,C3,,,,TRUE,,,,,,,
5411,,"RACK MOUNT RECESSED 19"" 1U 706-070",CT13,,,,TRUE,,,,,,,
5416,,CALIX B6-001 STACKABLE CHASSIS,C5,,,,TRUE,,,,,,,
5417,,CALIX E7-2 SHELF,9100,,,,TRUE,,,,,,,
5421,,"CALIX 742GE ONT 2POTS, 2-GE-SFP",8100,,,,TRUE,,,,,,,
5422,,CALIX E7-2 GPON-8 CARD,CT13,,,,TRUE,,,,,,,
5423,,CALIX E7-2 VDSL2-48C r2 card,CT14,,,,TRUE,,,,,,,
5428,,CALIX GPON SFP 1490/1310nm ER 40K,7900,,,,TRUE,,,,,,,
5429,,CALIX 10G XFP MM 850nm 100-01629,7900,,,,TRUE,,,,,,,
5435,,CISCO ASR 920 AC PWR,9100,,,,TRUE,,,,,,,
5446,,CISCO ASR920 SERIES-24GE FIBER & 4-10GE,9100,,,,TRUE,,,,,,,
5448,,CISCO ASR 920 DC POWER SUPPLY,9100,,,,TRUE,,,,,,,
5450,,CISCO ASR 920 FAN FOR FIXED CHASSIS,9100,,,,TRUE,,,,,,,
5456,,1G SFP CWDM 1330nm 120K,7900,,,,TRUE,,,,,,,
5457,,1G SFP CWDM 1310nm 120K,7900,,,,TRUE,,,,,,,
5463,,CISCO LASER 1610NM 80K/24DB,7900,,,,TRUE,,,,,,,
5464,,SO XFP 10G CWDM 1610 40KM I TEMP LASER,7900,,,,TRUE,,,,,,,
5466,,CISCO LASER XFP 1310NM 10K,7900,,,,TRUE,,,,,,,
5470,,CISCO LASER SFP+ 1550NM 80KM/24DB,7900,,,,TRUE,,,,,,,
5471,,CISCO LASER SFP+1590NM 80K,7900,,,,TRUE,,,,,,,
5472,,CISCO 1G SFP TX 1550/1490RX 80K CODED,7900,,,,TRUE,,,,,,,
5473,,CISCO 1G SFP TX 1490/1550RX 80K CISCO CO,7900,,,,TRUE,,,,,,,
5474,,CISCO 1G SFP TX 1550/1490RX 120K CISCO C,7900,,,,TRUE,,,,,,,
5476,,CISCO 1G SFP TX 1490/1550RX 120K CISCO C,7900,,,,TRUE,,,,,,,
5477,,CISCO 1G SFP CWDM BiDi 1452TX/1448RX COD,7900,,,,TRUE,,,,,,,
5478,,CISCO 1G SFP CWDM BiDi 1448TX/1452RX CI,7900,,,,TRUE,,,,,,,
5479,,CWDM ULTRA MUX 18CH BARE,7900,,,,TRUE,,,,,,,
5490,,1000BASE-LH SFP 1310NM 10KM,7900,,,,TRUE,,,,,,,
5498,,UBIQUITI POWER BEAM AC GEN2 400 RADIO,S02,,,,TRUE,,,,,,,
5500,,SOLID OPTICS MULTIPLEXER CWDM-MUX-18CH,CT13,,,,TRUE,,,,,,,
5550,,GRANDSTREAM GXW4224 24PORT FXS GW,8100,,,,TRUE,,,,,,,
5567,,APC IT PWR DIST MODULE 500MM,CT13,,,,TRUE,,,,,,,
5569,,APC IT PWR DIST MODULE  500MM,CT13,,,,TRUE,,,,,,,
5570,,ELTEK 50AMP RECT V2500,CT15,,,,TRUE,,,,,,,
5572,,RACK PCU METERED 2U 30A,CT13,,,,TRUE,,,,,,,
5575,,POSITRON BRX-XLR-02 ADSL EXTENDER,CT11,,,,TRUE,,,,,,,
5590,,SOLID OPTICS SFP 10G BiDi Laser 60K 1330,7900,,,,TRUE,,,,,,,
5591,,SOLID OPTICS SFP 10G BiDi 60K 1270TX,7900,,,,TRUE,,,,,,,
5592,,SOLID OPTICS SFP 10G BiDi 20K 1330TX,7900,,,,TRUE,,,,,,,
5593,,SOLID OPTICS SFP 10G BiDi 20K 1270TX,7900,,,,TRUE,,,,,,,
5594,,SOLID OPTICS SFP 10G BiDi 80K 1550TX,7900,,,,TRUE,,,,,,,
5595,,SOLID OPTICS SFP 10G BiDi 80K 1490TX,7900,,,,TRUE,,,,,,,
5598,,SOLID OPTICS SFP 10G BiDi 40K 1330TX,7900,,,,TRUE,,,,,,,
5599,,SOLID OPTICS SFP 10G BiDi 40K 1270TX,7900,,,,TRUE,,,,,,,
5601,,Alpha DC-AC INVERTER 2KVA 014-142-10,9100,,,,TRUE,,,,,,,
5612,,844F-1 GIGACENTER 000-00988 G.FAST,7900,,,,TRUE,,,,,,,
5616,,AP LIBERTY 288 SPLITTER CABINET,BC,,,,TRUE,,,,,,,
5617,,AP LIBERTY 288 SPLITTER VAULT,Y01,,,,TRUE,,,,,,,
5883,,AMERICAN PRODUCTS 144 SC APC PATCH P/200,S02,,,,TRUE,,,,,,,
5885,,CHATSWORTH WIRE MANAGEMENT CCS 8FT,9300,,,,TRUE,,,,,,,
5886,,CISCO 10G SFP+ CWDM 1570nm 80km SO,7900,,,,TRUE,,,,,,,
5887,,CISCO 10G SFP+ CWDM 1510nm 80km SO,7900,,,,TRUE,,,,,,,
5888,,CISCO 10G SFP+ CWDM 1510nm 40km SO,7900,,,,TRUE,,,,,,,
5901,,CISCO 10G SFP+ CWDM 1570 40K I-TEMP,7900,,,,TRUE,,,,,,,
5915,,CISCO 100G QPSK/200G 16-QAM - WDM CFP2,7900,,,,TRUE,,,,,,,
5931,,Alpha Cordex 1.2kW 2ru Shelf SSY,CT14,,,,TRUE,,,,,,,
5932,,ALPHA CORDEX CXRF 48 1.2KW RECT,CT14,,,,TRUE,,,,,,,
5934,,ALPHA CORDEX CXCM1 CONTROLLER,CT14,,,,TRUE,,,,,,,
5937,,TRANSTECTOR TSI X6 GBE SURGE ARRESTOR,CT14,,,,TRUE,,,,,,,
5938,,TRANSTECTOR SURGE ARRESTOR ACP 100 DR2,CT13,,,,TRUE,,,,,,,
5942,,CISCO QSFP-100G-LR4-S LASER SM,7900,,,,TRUE,,,,,,,
5943,,CISCO 10G SFP+ CWDM 1530nm 80km SO I-Tem,7900,,,,TRUE,,,,,,,
5944,,CISCO QSFP-100G-SR4-S LASER MM,7900,,,,TRUE,,,,,,,
5981,,UBNT SUB RADIO PBE-2AC-400-US,S02,,,,TRUE,,,,,,,
5984,,UBNT 5G RADIO RP-5AC-GEN2-US,CT11,,,,TRUE,,,,,,,
5985,,UBNT 8 PORT POE SWITCH ES-8-150W,CT11,,,,TRUE,,,,,,,
5988,,UBNT AirMaxAC 45 Degree Antenna,9100,,,,TRUE,,,,,,,
5994,,Calix E7-20 GPON-8x Card,CT14,,,,TRUE,,,,,,,
5996,,TYCON VHP POE INJECTOR DC-DC AF,CT11,,,,TRUE,,,,,,,
6005,,Calix 766GX-R Rackmount 48V ONT 8 DS1,CT14,,,,TRUE,,,,,,,
6010,,ACCEDIAN 10G NID AMO-10000-LX-SH,CT14,,,,TRUE,,,,,,,
6011,,CALIX E7-2 GE-24 CARD 100-01949,CT14,,,,TRUE,,,,,,,
6012,,UBNT UNIFI UDM PRO MAX,CT14,,,,TRUE,,,,,,,
6013,,UBNT AIRMAX 5G20-90 HIGH GAIN ANTENNA,9100,,,,TRUE,,,,,,,
6014,,UBNT 5G LTU Long Range 27dBi Radio,CT10,,,,TRUE,,,,,,,
6015,,UBNT 5G LTU PRO 24dBi Radio,CT10,,,,TRUE,,,,,,,
6015,,UBNT 5G LTU PRO 24dBi Radio,CT11,,,,TRUE,,,,,,,
6016,,UBNT 5G LTU Rocket Radio,CT10,,,,TRUE,,,,,,,
6019,,UBNT UNIFI AGGR 10G SWITCH 8 PORT,CT14,,,,TRUE,,,,,,,
6020,,UBNT UniFi Mesh 802.11AC Radio,CT15,,,,TRUE,,,,,,,
6024,,"CALIX GPON SFP LASER,TX1490,RX1310 60K I",7900,,,,TRUE,,,,,,,
6028,,UBNT AIRFIBER 5GHz 30dBi ANTENNA,S02,,,,TRUE,,,,,,,
6030,,CALIX GIGASPIRE GS4227 GPON ONT,3700,,,,TRUE,,,,,,,
6034,,UBNT SunMAX Solar Point MPPT POE SWITCH,CT10,,,,TRUE,,,,,,,
6036,,QSFP 100G DWDM CH35 SO,7900,,,,TRUE,,,,,,,
6038,,Alpha LPR48-300 Line Power Receiver 300W,CT13,,,,TRUE,,,,,,,
6045,,RF ELEMENTS 30 Degree Asym ANT,CT15,,,,TRUE,,,,,,,
6046,,RF ELEMENTS 80 Degree Sym ANT,CT15,,,,TRUE,,,,,,,
6047,,RF ELEMENTS TwistPort Adapt UBNT,CT15,,,,TRUE,,,,,,,
6049,,SOLID OPTICS CWDM OADM2 WL 1470/1490BARE,CT13,,,,TRUE,,,,,,,
6052,,ALLOT 10G SFP+ LASER LR SG-TRANSCE-10GLR,7900,,,,TRUE,,,,,,,
6054,,NETONIX 12-PORT MANAGED POE SWITCH 250W,CT15,,,,TRUE,,,,,,,
6056,,GRANDSTREAM HT818 ANALOG TELEPHONE ADAPT,8100,,,,TRUE,,,,,,,
6064,,MIMOSA PTMP SM ANTENNA,CT10,,,,TRUE,,,,,,,
6066,,MIMOSA WIFI PTMP RADIO,CT11,,,,TRUE,,,,,,,
6083,,QSFP-100G-ER4 40KM LASER,7900,,,,TRUE,,,,,,,
6085,,QSFP-100G-ZR4 80K LASER,7900,,,,TRUE,,,,,,,
6087,,"Calix 762GX MDU ONT, 8 POTS, 8 GE",8100,,,,TRUE,,,,,,,
6089,,Calix 760 MDU ONT Enclosure,8400,,,,TRUE,,,,,,,
6090,,Cyber Power MDU Outdoor UPS 48V 57.6AH 1,8400,,,,TRUE,,,,,,,
6092,,RF ELEMENTS UTLRA HORN TP 5-24 NR,S01,,,,TRUE,,,,,,,
6096,,POSITRON G.HN (MIMO) TO GE BRIDGE,CT11,,,,TRUE,,,,,,,
6100,,SO SFP+ 10G CWDM 1490 10KM I-TEMP,7900,,,,TRUE,,,,,,,
6101,,SO SFP+ 10G CWDM 1510 10KM I-TEMP,7900,,,,TRUE,,,,,,,
6102,,SO SFP+ 10G CWDM 1490 40KM I-TEMP,7900,,,,TRUE,,,,,,,
6103,,SO SFP+ 10G CWDM 1510 40KM I-TEMP,7900,,,,TRUE,,,,,,,
6107,,UBNT AIRFIBER 60 HD RADIO,CT10,,,,TRUE,,,,,,,
6110,,CISCO 4948E DC POWER SUPPLY 300W,CT14,,,,TRUE,,,,,,,
6114,,CALIX GIGAPOINT 803G ONT 1GE 1 POTS W/PS,7900,,,,TRUE,,,,,,,
6116,,UBNT airFiber 60XG 4KM with 5Ghz Backup,S02,,,,TRUE,,,,,,,
6118,,NARADA TT12V38 12VDC 38AH BATTERY,1200,,,,TRUE,,,,,,,
6120,,UBNT AIRMAX 5G 19DBI 120 DEGREE SECTOR,8300,,,,TRUE,,,,,,,
6122,,"LASER, SFP+ 10G CWDM 1470 80K I TEMP",7900,,,,TRUE,,,,,,,
6123,,"LASER, SFP+ 10G CWDM 1490 80K I TEMP",7900,,,,TRUE,,,,,,,
6125,,UBNT WAVE ACCESS POINT 60GHZ PtMP,9500,,,,TRUE,,,,,,,
6126,,UBNT WAVE LONG-RANGE 60GHZ,9500,,,,TRUE,,,,,,,
6127,,UBNT WAVE NANO 60GHZ,9500,,,,TRUE,,,,,,,
6131,,CALIX GIGAPRO GPR8802X ONT W/GPON SFP,3800,,,,TRUE,,,,,,,
6135,,CALIX E3-2 INTELLIGENT PON NODE,8300,,,,TRUE,,,,,,,
6136,,CALIX E3-2 POLE/WALL MOUNT KIT,CT13,,,,TRUE,,,,,,,
6138,,UBNT UISP AIRFIBER 60 XR,S01,,,,TRUE,,,,,,,
6139,,UBNT AIRFIBER 5XHD AF-5XHD-US RADIO,CT10,,,,TRUE,,,,,,,
6142,,CALIX GPON SFP LASER 60K I TEMP AXOS,7900,,,,TRUE,,,,,,,
6144,,ELTEK FLAT PACK REAR WIRE SHELF -48DC,4900,,,,TRUE,,,,,,,
6145,,ELTEK FLAT PACK 48V 1800W HE RECTIFIER,4900,,,,TRUE,,,,,,,
6146,,ELTEK FLAT PACK SMARTPACK CONTROLLER,4900,,,,TRUE,,,,,,,
6147,,TYCON GIGE 8X POE SWITCH-AT-24V-SFP PORT,CT11,,,,TRUE,,,,,,,
6148,,UNIVERSAL TRI-SECTOR MOUNT KIT,9100,,,,TRUE,,,,,,,
6151,,PSI 20AH 48NPFC-20-2.0L LIFEPO4 BATTERY,9100,,,,TRUE,,,,,,,
6152,,PSI RACKMOUNT BATTERY MONITORING UNIT,9100,,,,TRUE,,,,,,,
6152,,PSI RACKMOUNT BATTERY MONITORING UNIT,CT16,,,,TRUE,,,,,,,
6153,,CALIX GE SFP AE 20Km SC/APC I-Temp,7900,,,,TRUE,,,,,,,
6154,,CALIX GE SFP AE 60Km SC/APC I-Temp,7900,,,,TRUE,,,,,,,
6155,,TARANA BN BASE NODE RADIO SYSTEM 5GHZ,9400,,,,TRUE,,,,,,,
6156,,TARANA RN RESIDENTIAL NODE RADIO 5GHZ,CT16,,,,TRUE,,,,,,,
6157,,TARANA POLE MOUNTING KIT,9400,,,,TRUE,,,,,,,
6158,,TARANA 10G LASERS,7900,,,,TRUE,,,,,,,
6159,,TARANA DC DEFENDER WITH BRACKET,CT16,,,,TRUE,,,,,,,
6160,,TARANA 100M OUTDOOR SINGLE MODE FBR CBL,CT16,,,,TRUE,,,,,,,
6161,,Calix E3-2 Fiber Pig Tail 9x SC/UPC- 9x,CT16,,,,TRUE,,,,,,,
6162,,Calix E3-2 Negative 48VDC Pwr/Alarm Cabl,CT16,,,,TRUE,,,,,,,
6164,,Calix MULTI-PON SFP-DD 10G/10G 2.5G/1.25,7900,,,,TRUE,,,,,,,
6165,,Calix MULTI-PON SFP-DD 10G/10G 2.5G/1.25,7900,,,,TRUE,,,,,,,
6166,,Calix u6x GS4227 GPON ONT SFP Module 100,7900,,,,TRUE,,,,,,,
6167,,Calix u6x GS4227 XGS-PON SFP+ Module 100,7900,,,,TRUE,,,,,,,
6174,,CSB HIGH TEMP BATTERY 20aH,1200,,,,TRUE,,,,,,,
6176,,TARANA 70M OUTDOOR SGL MODE FO CABLE,CT16,,,,TRUE,,,,,,,
6178,,UBNT CAMERA G3 FLEX UVC-G3-FLEX,CT12,,,,TRUE,,,,,,,
6179,,Reliance Controls 30AMP 120VAC Outdoor M,CT16,,,,TRUE,,,,,,,
6180,,UBNT Wave AP Micro,CT11,,,,TRUE,,,,,,,
6181,,TACHYON NETWORKS L2 DIST SWITCH POE,CT12,,,,TRUE,,,,,,,
6182,,Cisco Coded 10G SFP+ 1550 CWDM 80K,7900,,,,TRUE,,,,,,,
6183,,UNIVERSAL TRI SECTOR MOUNT KIT,8100,,,,TRUE,,,,,,,
6183,,UNIVERSAL TRI SECTOR MOUNT KIT,9100,,,,TRUE,,,,,,,
6184,,APEX9 12 RU WALL/POLE MOUNT CABINET,Y01,,,,TRUE,,,,,,,
6184,,APEX9 12 RU WALL/POLE MOUNT CABINET,C2,,,,TRUE,,,,,,,
6185,,Battery PYL185FT GS YUASA,1200,,,,TRUE,,,,,,,
6186,,10M OUTDOOR FIBER CABLE,CT16,,,,TRUE,,,,,,,
6189,,CALIX E9-2 SYSTEM PACKAGE,9100,,,,TRUE,,,,,,,
6192,,CALIX E7-2 XGS-PON 16-Port Line Card,9100,,,,TRUE,,,,,,,
6198,,UBNT Ubiquiti 60GHz Wave Pro,8300,,,,TRUE,,,,,,,
6199,,TYCON 72VDC POWER INVERTER,CT10,,,,TRUE,,,,,,,
6200,,"Tycon RemotePro35W, 18Ah",8000,,,,TRUE,,,,,,,
6201,,RELIANCE TRANSFER SWITCH 30Amp 240v,CT16,,,,TRUE,,,,,,,
6202,,Amphenol GMT 15/15  125GMT15 Fuse Panel,9100,,,,TRUE,,,,,,,
6203,,TARANA BN  BASE NODE BRONZE,8500,,,,TRUE,,,,,,,
6203,,TARANA BN  BASE NODE BRONZE,9500,,,,TRUE,,,,,,,
6206,,TARANA 10M OUTDOOR FO CABLE WITH HARTING,CT16,,,,TRUE,,,,,,,
6207,,TARANA RN RESIDENTIAL NODE RADIO 6 GHZ,9400,,,,TRUE,,,,,,,
6213,,Tycon Power Voltage Regulator 36-72VDC,CT10,,,,TRUE,,,,,,,
6215,,SFP+ LONG RANGE DUPLEX,7900,,,,TRUE,,,,,,,
6217,,TARANA RN RESIDENTIAL NODE RADIO 5 GHZ,9500,,,,TRUE,,,,,,,
6217,,TARANA RN RESIDENTIAL NODE RADIO 5 GHZ,6200,,,,TRUE,,,,,,,
6218,,GS YUASA PYL12V90TT 12V 92aH Battery,1200,,,,TRUE,,,,,,,
6219,,TARANA BN BASE NODE CBRS 3.55-3.7Ghz,9400,,,,TRUE,,,,,,,
6220,,TARANA RN REMOTE NODE 3.6Ghz,8500,,,,TRUE,,,,,,,
6220,,TARANA RN REMOTE NODE 3.6Ghz,9500,,,,TRUE,,,,,,,
6221,,"Ameresco Battery Box 30.5""x 24""x 14.5""",BC,,,,TRUE,,,,,,,
6225,,10G SFP+ CWDM 1530 40K I TEMP SO,7900,,,,TRUE,,,,,,,
6226,,10G SFP+ CWDM 1470 40K I TEMP SO,7900,,,,TRUE,,,,,,,
6227,,10G SFP+ CWDM 1550 40K I TEMP SO,7900,,,,TRUE,,,,,,,
6228,,10G SFP+ CWDM 1590 40K I TEMP SO,7900,,,,TRUE,,,,,,,
6230,,10G SFP+ CWDM 1270 60K I TEMP SO,7900,,,,TRUE,,,,,,,
6231,,10G SFP+ CWDM 1290 60K I TEMP SO,7900,,,,TRUE,,,,,,,
6232,,10G SFP+ CWDM 1310 60K I TEMP SO,7900,,,,TRUE,,,,,,,
6233,,10G SFP+ CWDM 1330 60K I TEMP SO,7900,,,,TRUE,,,,,,,
6239,,WESTELL FUSE PANEL 4TPA/5GMT 200AMP,9100,,,,TRUE,,,,,,,
6242,,UBNT G5 Bullet  UVC-G5 Bulllet IP Camera,CT11,,,,TRUE,,,,,,,
6246,,FS SFP28 25G BiDi I Temp 20K TX1330,7900,,,,TRUE,,,,,,,
6253,,Emerson Outdoor Cabinet  AC 58Â¿ HigH,S07,,,,TRUE,,,,,,,
6260,,"Calix GP4200AH ONT, 2 POTS,1-2.5GE 3-1GE",3800,,,,TRUE,,,,,,,
6262,,Datalight 40G QSFP 1310LR 10km CalixCode,7900,,,,TRUE,,,,,,,
6265,,DLO QSFP 100G 2km C-Temp,7900,,,,TRUE,,,,,,,
7529,,VDSL2 BONDING COMBO WAN GIGABIT GATEWAY,C5,,,,TRUE,,,,,,,
7535,,VDSL2 MODEM BRIDGE,8000,,,,TRUE,,,,,,,
7538,,DSL MODEM 1 PORT VR3030,7900,,,,TRUE,,,,,,,
7546,,CALIX GS4220E GIGASPIRE BLAST U6.1,3800,,,,TRUE,,,,,,,
7546,,CALIX GS4220E GIGASPIRE BLAST U6.1,9100,,,,TRUE,,,,,,,
7548,,VR3071 Comtrend VDSL2 WIFI6 Gateway Mode,3800,,,,TRUE,,,,,,,
7548,,VR3071 Comtrend VDSL2 WIFI6 Gateway Mode,3900,,,,TRUE,,,,,,,
7548,,VR3071 Comtrend VDSL2 WIFI6 Gateway Mode,9400,,,,TRUE,,,,,,,
7552,,COMTREND PBL-6201 WIFI 6 AX6000 VDSL,4600,,,,TRUE,,,,,,,
7553,,Calix GS Mesh u4hm Outdoor GM 1028H Kit,4000,,,,TRUE,,,,,,,
10117,,PREMIER DESK TELEPHONE-WHITE,7800,,,,TRUE,,,,,,,
10118,,PREMIER DESK TELEPHONE-BLACK,7800,,,,TRUE,,,,,,,
10119,,PREMIERE DESK TELEPHONE-BROWN,7800,,,,TRUE,,,,,,,
10120,,PREMIER DESK TELEPHONE-ASH,7800,,,,TRUE,,,,,,,
10122,,PREMIER DESK TELEPHONE - IVORY,7800,,,,TRUE,,,,,,,
10124,,PREMIER WALL TELEPHONE - IVORY,7800,,,,TRUE,,,,,,,
10126,,PREMIER WALL TELEPHONE - WHITE,7900,,,,TRUE,,,,,,,
10128,,PREMIER WALL TELEPHONE - BLACK,7800,,,,TRUE,,,,,,,
10128,,PREMIER WALL TELEPHONE - BLACK,7900,,,,TRUE,,,,,,,
10140,,TRIMLINE TELEPHONE - ASH,7900,,,,TRUE,,,,,,,
11624,,DREAM MACHINE PRO,CT11,,,,TRUE,,,,,,,
11624,,DREAM MACHINE PRO,CT12,,,,TRUE,,,,,,,
11628,,UBIQUITI ACCESS POINT,CT12,,,,TRUE,,,,,,,
11630,,UNIFI SWITCH 24 POE,CT12,,,,TRUE,,,,,,,
11642,,SWITCH 16 POE,CT12,,,,TRUE,,,,,,,
11665,,UBIQUITI U6 MESH,CT12,,,,TRUE,,,,,,,
11668,,WAVE PICO,CT12,,,,TRUE,,,,,,,
1879DPC,,DROP WIRE AERIAL SEA 2X22 12-004-08,4500,,,,TRUE,,,,,,,
1880DPC,,TELEPHONE DROP WIRE 6 PAIR 2090014,4500,,,,TRUE,,,,,,,
3270DPC,,"3M SLIC 7.6"" X 33"" AERIAL CLOSURE",4600,,,,TRUE,,,,,,,
3291DPC,,"SLIC 530 10 PAIR, W/DROP DOWN BOX",S02,,,,TRUE,,,,,,,
5945DP,,FTTP TONABLE DROP 6 FIBER 6T00631BB,8500,,,,TRUE,,,,,,,
5955DP,,PEDESTAL FIBER PLASTIC BDO 4,S05,,,,TRUE,,,,,,,
6021DP,,CS FIBER OPTIC DROP 200FT TONEABLE,9400,,,,TRUE,,,,,,,
6021DP,,CS FIBER OPTIC DROP 200FT TONEABLE,W02,,,,TRUE,,,,,,,
6051DP,,CS FIBER OPTIC DROP 500FT TONEABLE,9400,,,,TRUE,,,,,,,
6075DP,,CS FIBER OPTIC DROP  750FT,9200,,,,TRUE,,,,,,,
6081DP,,CS FIBER OPTIC DROP 800FT TONEABLE,9200,,,,TRUE,,,,,,,
6081DP,,CS FIBER OPTIC DROP 800FT TONEABLE,9700,,,,TRUE,,,,,,,
6081DP,,CS FIBER OPTIC DROP 800FT TONEABLE,9800,,,,TRUE,,,,,,,
6081DP,,CS FIBER OPTIC DROP 800FT TONEABLE,C5,,,,TRUE,,,,,,,
6121DP,,CS FIBER OPTIC DROP 1200FT TONEABLE,9400,,,,TRUE,,,,,,,
6121DP,,CS FIBER OPTIC DROP 1200FT TONEABLE,W02,,,,TRUE,,,,,,,
6122DP,,CORNING APC ROC 900UM 100FT DROP,S04,,,,TRUE,,,,,,,
6150DP,,CS FIBER OPTIC DROP 1500FT,9200,,,,TRUE,,,,,,,
6150DP,,CS FIBER OPTIC DROP 1500FT,C5,,,,TRUE,,,,,,,
6152DP,,Pushlok Drop Cable TONEABLE 200FT,4000,,,,TRUE,,,,,,,
6152DP,,Pushlok Drop Cable TONEABLE 200FT,9200,,,,TRUE,,,,,,,
6152DP,,Pushlok Drop Cable TONEABLE 200FT,S02,,,,TRUE,,,,,,,
6154DP,,Pushlok Drop Cable TONEABLE 500FT,4100,,,,TRUE,,,,,,,
6154DP,,Pushlok Drop Cable TONEABLE 500FT,9200,,,,TRUE,,,,,,,
6158DP,,Pushlok Drop Cable TONEABLE 800FT,S02,,,,TRUE,,,,,,,
6158DP,,Pushlok Drop Cable TONEABLE 800FT,S03,,,,TRUE,,,,,,,
6158DP,,Pushlok Drop Cable TONEABLE 800FT,W02,,,,TRUE,,,,,,,
6160DP,,Pushlok Drop Cable TONEABLE 1000FT,S03,,,,TRUE,,,,,,,
6163DP,,Pushlok Drop Cable TONEABLE 2500FT,W02,,,,TRUE,,,,,,,
6164DP,,Pushlok Drop Cable 2 fiber 1000 FT,W02,,,,TRUE,,,,,,,
6166DP,,Pushlok Drop Cable 2 fiber 1100 FT,W02,,,,TRUE,,,,,,,
6168DP,,Pushlok Drop Cable 2 fiber 500 FT,W02,,,,TRUE,,,,,,,
5237,,AP 432 FIBER SPLITTER CABINET,Y01,,,,TRUE,,,,,,,
822,,25 PR NID PROTECTOR,3800,,,,TRUE,,,,,,,
5881,,"CALIX 803Gv2 GigaPoint ONT 1GE, 1POTS",8100,,,,TRUE,,,,,,,
10127,,PREMIER WALL TELEPHONE - BROWN,7900,,,,TRUE,,,,,,,
5613,,844FB-1 GIGACENTER 000-00989 G.FAST,7900,,,,TRUE,,,,,,,
6241,,UBNT U7 Pro UNIFI AP,CT11,,,,TRUE,,,,,,,
5017,,VALERE 10A RECT FOR OPX4300,CT11,,,,TRUE,,,,,,,
6235,,Tycon TPDIN3 Remote Monitor/ Crtl,CT13,,,,TRUE,,,,,,,
5236,,AP 864 FIBER SPLITTER VAULT,Y01,,,,TRUE,,,,,,,
6175,,Apex9 DC Power Cable 12AWG SHIELDED,1600,,,,TRUE,,,,,,,
5461,,CISCO LASER XFP 1550NM 80K C-TEMP,7900,,,,TRUE,,,,,,,
5597,,SOLID OPTICS QSFP 100G 10KM I-TEMP,7900,,,,TRUE,,,,,,,
6245,,FS SFP28 25G BiDi I Temp 20K TX1270,7900,,,,TRUE,,,,,,,
6244,,SURGE PROTECTION PLUG,CT17,,,,TRUE,,,,,,,
1735,,CORNING EVOLV 2 PORT 2000FT MST TONEABLE,4100,,,,TRUE,,,,,,,
1739,,CORNING EVOLV 12 PORT 1500FT MST TONEABL,4100,,,,TRUE,,,,,,,
6173,,Calix GP P4 GPR1027E AP 100-05907,7900,,,,TRUE,,,,,,,
6229,,10G SFP+ CWDM 1610 40K I TEMP SO,7900,,,,TRUE,,,,,,,
6273,,CISCO DLO 100G QSFP-LR4-S-B Laser,7900,,,,TRUE,,,,,,,
6274,,CISCO DLO 100G QSFP-LR4-S-I-B Laser,7900,,,,TRUE,,,,,,,
1737,,CORNING EVOLV 12 PORT 200FT MST TONEABLE,8900,,,,TRUE,,,,,,,
1738,,CORNING EVOLV 12 PORT 500FT MST TONEABLE,8900,,,,TRUE,,,,,,,
6268,,16-PORT GIGABIT ETHERNET L2+ SWITCH,CT11,,,,TRUE,,,,,,,
6168,,Calix E3-2 XG401 XGX-PON Module,CT12,,,,TRUE,,,,,,,
6196,,UBNT G3 Flex CAMERA,CT12,,,,TRUE,,,,,,,
11612,,BATTERY BACK UP 650VA BE650G1,CT12,,,,TRUE,,,,,,,
6271,,CALIX GPR2032H TRIBAND WI-FI SYSTEM,CT12,,,,TRUE,,,,,,,
11638,,23-4 PR CAT6 PLENUM YELLOW,CT12,,,,TRUE,,,,,,,
6261,,PLC Splitter ABS Module 1x128,CT17,,,,TRUE,,,,,,,
6150,,CALIX E7-2 10GE-4 EXA CARD,C4,,,,TRUE,,,,,,,
6266,,AVIAT 80ghz ANTENNAS PT to PT LINK,S02,,,,TRUE,,,,,,,
1359F,12TD39-K774,FLAT TONEABLE FO 12 FIBER,K774,,0,,TRUE,TRUE,,,,,,
1359F,12TD46-WCON,FLAT TONEABLE FO 12 FIBER,WCON,,0,,TRUE,TRUE,,,,,,
1359F,12TD47-WCON,FLAT TONEABLE FO 12 FIBER,WCON,,0,,TRUE,TRUE,,,,,,
1361,2409-K857,FO 24 FIBER,K857,,0,,TRUE,TRUE,,,,,,
1361,561,FO 24 FIBER,W367,,1026,,TRUE,TRUE,,,10004,11030,,
1364,29201,FO 96 FIBER,W367,,1704,,TRUE,TRUE,,,28,1732,,
1385R,24R03-K857,FO 24R RIBBON FIBER,K857,,0,,TRUE,TRUE,,,,,,
1386R,48R54,FO 48R RIBBON FIBER,W367,,2080,,TRUE,TRUE,,,44,2124,,
1396R,288R14,FO 288R RIBBON FIBER,W367,,1714,,TRUE,TRUE,,,7108,5394,,
1396R,288R23,FO 288R RIBBON FIBER,W367,,2444,,TRUE,TRUE,,,10418,7974,,
1398R,432R01,FO 432R RIBBON FIBER,W367,,2090,,TRUE,TRUE,,,20476,18386,,
1400M,432012 (432M012),FO 432F MICRO FIBER,W367,,1432,,TRUE,TRUE,,,32,1464,,
1402M,288M07,288 MICROLITE NOVA MULTITUBE,W367,,19922,,TRUE,TRUE,,,62,19984,,
1500,S03H-WCON,"PLOWDUCT 1"" SDR-13.5 ORANGE SINGLE HDPE",WCON,,0,,TRUE,TRUE,,,,,,
1500,S10J-WCON,"PLOWDUCT 1"" SDR-13.5 ORANGE SINGLE HDPE",WCON,,0,,TRUE,TRUE,,,,,,
1502,D09AE-WCON,"PLOWDUCT, 1-1/4"" HDPE TWO-WAY DIV. REEL",W367,,0,,TRUE,TRUE,TRUE,,,,,
1503,S1F06,"PLOWDUCT 1"" SDR-11 GREY SINGLE REEL HDPE",W367,,0,,TRUE,TRUE,,,,,,
1503,S1F05-WCON,"PLOWDUCT 1"" SDR-11 GREY SINGLE REEL HDPE",WCON,,0,,TRUE,TRUE,,,,,,
1505,S6A01,"PLOWDUCT 6"" SDR11 SMOOTH BLACK EMPTY",W367,,0,,TRUE,TRUE,,,,,,
1505,S6A04,"PLOWDUCT 6"" SDR11 SMOOTH BLACK EMPTY",W367,,0,,TRUE,TRUE,,,,,,
1505,S6A05,"PLOWDUCT 6"" SDR11 SMOOTH BLACK EMPTY",W367,,0,,TRUE,TRUE,,,,,,
1505,S360V,"PLOWDUCT 6"" SDR11 SMOOTH BLACK EMPTY",W589,,0,,TRUE,TRUE,,,,,,
1505,S361W,"PLOWDUCT 6"" SDR11 SMOOTH BLACK EMPTY",W589,,0,,TRUE,TRUE,,,,,,
1505,S6A02,"PLOWDUCT 6"" SDR11 SMOOTH BLACK EMPTY",W589,,0,,TRUE,TRUE,,,,,,
1505,S6A06,"PLOWDUCT 6"" SDR11 SMOOTH BLACK EMPTY",W589,,0,,TRUE,TRUE,,,,,,
1505,S6A07,"PLOWDUCT 6"" SDR11 SMOOTH BLACK EMPTY",W589,,0,,TRUE,TRUE,,,,,,
460,6DW16-K774,DW 6X22,K774,,0,,TRUE,TRUE,,,,,,
480,6B062-K774,BFC 6 X 22,K774,,0,,TRUE,TRUE,,,,,,
480,6B68-K774,BFC 6 X 22,K774,,0,,TRUE,TRUE,,,,,,
480,6B69-K774,BFC 6 X 22,K774,,0,,TRUE,TRUE,,,,,,
481,25-15-K774,BFC 6 X 22 1000 FT,K774,,0,,TRUE,TRUE,,,,,,
5222BC,40001,"PLOWDUCT 1.25"" TONABLE",W367,,0,,TRUE,TRUE,,,,,,
5223BC,41001,"PLOWDUCT 1.25"" FIGURE 8",W367,,0,,TRUE,TRUE,,,,,,
5951DP,2F1093,FTTP TONE 2 DROP FIBER 900um W7002K101,W367,,0,,TRUE,TRUE,,,,,,
6129DP,DP626,16/13 MICRO DUCT EMPTY SILICORE(BLU),W367,,0,,TRUE,TRUE,,,,,,
620,1802,BFC 200X22,W232,,0,,TRUE,TRUE,,,,,,
6133DP,1612T009,"16/12 MICRO DUCT LOCATABLE, ORNG",W367,,4270,,TRUE,TRUE,,,,,,
1500,S05J,"PLOWDUCT 1"" SDR-13.5 ORANGE SINGLE HDPE",W367,,5000,,TRUE,TRUE,,,,,,
1500,S08J,"PLOWDUCT 1"" SDR-13.5 ORANGE SINGLE HDPE",W367,,5000,,TRUE,TRUE,,,,,,
1500,S04J,"PLOWDUCT 1"" SDR-13.5 ORANGE SINGLE HDPE",W367,,5000,,TRUE,TRUE,,,,,,
1500,S03J,"PLOWDUCT 1"" SDR-13.5 ORANGE SINGLE HDPE",W367,,5000,,TRUE,TRUE,,,,,,
1500,S12J,"PLOWDUCT 1"" SDR-13.5 ORANGE SINGLE HDPE",W367,,5000,,TRUE,TRUE,,,,,,
1500,S11J,"PLOWDUCT 1"" SDR-13.5 ORANGE SINGLE HDPE",W367,,5000,,TRUE,TRUE,,,,,,
1375,14405,FO 144 FIBER,W367,,20000,,TRUE,TRUE,,,,,,
1375,14408,FO 144 FIBER,W367,,20000,,TRUE,TRUE,,,,,,
1375,14404,FO 144 FIBER,W367,,20000,,TRUE,TRUE,,,,,,
1375,14407,FO 144 FIBER,W367,,20000,,TRUE,TRUE,,,,,,
1375,14403,FO 144 FIBER,W367,,20018,,TRUE,TRUE,,,,,,
1375,14402,FO 144 FIBER,W367,,20056,,TRUE,TRUE,,,,,,
1392R,144R16,FO 144R RIBBON FIBER,W367,,20000,,TRUE,TRUE,,,,,,
1500,S01H,"PLOWDUCT 1"" SDR-13.5 ORANGE SINGLE HDPE",W367,,5000,,TRUE,TRUE,,,,,,
1392R,144R17,FO 144R RIBBON FIBER,W367,,20000,,TRUE,TRUE,,,,,,
1392R,144R13,FO 144R RIBBON FIBER,W367,,20000,,TRUE,TRUE,,,,,,
1375,14406,FO 144 FIBER,W367,,20000,,TRUE,TRUE,,,,,,
1500,S01J,"PLOWDUCT 1"" SDR-13.5 ORANGE SINGLE HDPE",W367,,5000,,TRUE,TRUE,,,,,,
1500,S09J,"PLOWDUCT 1"" SDR-13.5 ORANGE SINGLE HDPE",W367,,5000,,TRUE,TRUE,,,,,,
1500,S07J,"PLOWDUCT 1"" SDR-13.5 ORANGE SINGLE HDPE",W367,,5000,,TRUE,TRUE,,,,,,
1500,S06J,"PLOWDUCT 1"" SDR-13.5 ORANGE SINGLE HDPE",W367,,5000,,TRUE,TRUE,,,,,,
6132DP,1613T009,"16/13 MICRO DUCT LOCATABLE,  ORNG",W367,,5000,,TRUE,TRUE,,,,,,
6132DP,1613T006,"16/13 MICRO DUCT LOCATABLE,  ORNG",W367,,5000,,TRUE,TRUE,,,,,,
6132DP,1613T005,"16/13 MICRO DUCT LOCATABLE,  ORNG",W367,,5000,,TRUE,TRUE,,,,,,
6132DP,1613T007,"16/13 MICRO DUCT LOCATABLE,  ORNG",W367,,5000,,TRUE,TRUE,,,,,,
6132DP,1613T002,"16/13 MICRO DUCT LOCATABLE,  ORNG",W367,,1814,,TRUE,TRUE,,,,,,
6132DP,1613T003,"16/13 MICRO DUCT LOCATABLE,  ORNG",W367,,5000,,TRUE,TRUE,,,,,,
6132DP,1613T004,"16/13 MICRO DUCT LOCATABLE,  ORNG",W367,,5000,,TRUE,TRUE,,,,,,
6132DP,1613T010,"16/13 MICRO DUCT LOCATABLE,  ORNG",W367,,5000,,TRUE,TRUE,,,,,,
6133DP,1612T008,"16/12 MICRO DUCT LOCATABLE, ORNG",W367,,5000,,TRUE,TRUE,,,,,,
6133DP,1612T005,"16/12 MICRO DUCT LOCATABLE, ORNG",W367,,5000,,TRUE,TRUE,,,,,,
6133DP,1612T006,"16/12 MICRO DUCT LOCATABLE, ORNG",W367,,5000,,TRUE,TRUE,,,,,,
6133DP,1612T010,"16/12 MICRO DUCT LOCATABLE, ORNG",W367,,5000,,TRUE,TRUE,,,,,,
1386R,48R76,FO 48R RIBBON FIBER,W367,,20000,,TRUE,TRUE,,,,,,
1386R,48R78,FO 48R RIBBON FIBER,W367,,22000,,TRUE,TRUE,,,,,,
1386R,48R80,FO 48R RIBBON FIBER,W367,,19446,,TRUE,TRUE,,,,,,
1502,D09AF,"PLOWDUCT, 1-1/4"" HDPE TWO-WAY DIV. REEL",W367,,5000,,TRUE,TRUE,TRUE,,,5000,,
1502,D01AB,"PLOWDUCT, 1-1/4"" HDPE TWO-WAY DIV. REEL",W367,,5000,,TRUE,TRUE,TRUE,,,5000,,
1502,D12AD,"PLOWDUCT, 1-1/4"" HDPE TWO-WAY DIV. REEL",W367,,5000,,TRUE,TRUE,TRUE,,,5000,,
1502,D11AD,"PLOWDUCT, 1-1/4"" HDPE TWO-WAY DIV. REEL",W367,,5000,,TRUE,TRUE,TRUE,,,5000,,
1502,D10AD,"PLOWDUCT, 1-1/4"" HDPE TWO-WAY DIV. REEL",W367,,5000,,TRUE,TRUE,TRUE,,,5000,,
1502,D15AB,"PLOWDUCT, 1-1/4"" HDPE TWO-WAY DIV. REEL",W367,,5000,,TRUE,TRUE,TRUE,,,5000,,
1502,D08AF,"PLOWDUCT, 1-1/4"" HDPE TWO-WAY DIV. REEL",W367,,5000,,TRUE,TRUE,TRUE,,,5000,,
1502,D19AB,"PLOWDUCT, 1-1/4"" HDPE TWO-WAY DIV. REEL",W367,,5000,,TRUE,TRUE,TRUE,,,5000,,
1502,D13AD,"PLOWDUCT, 1-1/4"" HDPE TWO-WAY DIV. REEL",W367,,5000,,TRUE,TRUE,TRUE,,,5000,,
1502,D05AC,"PLOWDUCT, 1-1/4"" HDPE TWO-WAY DIV. REEL",W367,,5000,,TRUE,TRUE,TRUE,,,5000,,
1502,D13AC,"PLOWDUCT, 1-1/4"" HDPE TWO-WAY DIV. REEL",W367,,5000,,TRUE,TRUE,TRUE,,,5000,,
1502,D02AB,"PLOWDUCT, 1-1/4"" HDPE TWO-WAY DIV. REEL",W367,,5000,,TRUE,TRUE,TRUE,,,5000,,
1502,D03AB,"PLOWDUCT, 1-1/4"" HDPE TWO-WAY DIV. REEL",W367,,5000,,TRUE,TRUE,TRUE,,,5000,,
1502,D09AC,"PLOWDUCT, 1-1/4"" HDPE TWO-WAY DIV. REEL",W367,,5000,,TRUE,TRUE,TRUE,,,5000,,
1502,D08AC,"PLOWDUCT, 1-1/4"" HDPE TWO-WAY DIV. REEL",W367,,5000,,TRUE,TRUE,TRUE,,,5000,,
1502,D07AC,"PLOWDUCT, 1-1/4"" HDPE TWO-WAY DIV. REEL",W367,,5000,,TRUE,TRUE,TRUE,,,5000,,
1502,D04AB,"PLOWDUCT, 1-1/4"" HDPE TWO-WAY DIV. REEL",W367,,5000,,TRUE,TRUE,TRUE,,,5000,,
1502,D06AC,"PLOWDUCT, 1-1/4"" HDPE TWO-WAY DIV. REEL",W367,,5000,,TRUE,TRUE,TRUE,,,5000,,
1502,D11AC,"PLOWDUCT, 1-1/4"" HDPE TWO-WAY DIV. REEL",W367,,5000,,TRUE,TRUE,TRUE,,,5000,,
1502,D14AC,"PLOWDUCT, 1-1/4"" HDPE TWO-WAY DIV. REEL",W367,,5000,,TRUE,TRUE,TRUE,,,5000,,
1502,D01AC,"PLOWDUCT, 1-1/4"" HDPE TWO-WAY DIV. REEL",W367,,5000,,TRUE,TRUE,TRUE,,,5000,,
6130DP,DP136,16/13 MICRO DUCT EMPTY SILICORE(ORNG),W367,,308,,TRUE,TRUE,,,,,,
6131DP,DP529,16/12 MICRO DUCT EMPTY SILICORE LUBE,W367,,2632,,TRUE,TRUE,,,,,,
1498,S1D09,"PLOWDUCT 1"" SDR-13.5 ORANGE SINGLE HDPE",W367,,4490,,TRUE,TRUE,,,,,,
1498,S1D01,"PLOWDUCT 1"" SDR-13.5 ORANGE SINGLE HDPE",W367,,5000,,TRUE,TRUE,,,,,,
1498,D110,"PLOWDUCT 1"" SDR-13.5 ORANGE SINGLE HDPE",W367,,575,,TRUE,TRUE,,,,,,
1498,S1D03,"PLOWDUCT 1"" SDR-13.5 ORANGE SINGLE HDPE",W367,,5000,,TRUE,TRUE,,,,,,
1498,S337S,"PLOWDUCT 1"" SDR-13.5 ORANGE SINGLE HDPE",W367,,4905,,TRUE,TRUE,,,,,,
1500,S05H,"PLOWDUCT 1"" SDR-13.5 ORANGE SINGLE HDPE",W367,,4136,,TRUE,TRUE,,,,,,
1503,S1E01.2,"PLOWDUCT 1"" SDR-11 GREY SINGLE REEL HDPE",W367,,92,,TRUE,TRUE,,,,,,
1502,D23AB,"PLOWDUCT, 1-1/4"" HDPE TWO-WAY DIV. REEL",W367,,4842,,TRUE,TRUE,TRUE,,,,,
1500,D078,"PLOWDUCT 1"" SDR-13.5 ORANGE SINGLE HDPE",W367,,105,,TRUE,TRUE,,,,,,
1500,S07H,"PLOWDUCT 1"" SDR-13.5 ORANGE SINGLE HDPE",W367,,476,,TRUE,TRUE,,,,,,
1502,D13AF,"PLOWDUCT, 1-1/4"" HDPE TWO-WAY DIV. REEL",W367,,4994,,TRUE,TRUE,TRUE,,,,,
1502,D20AB,"PLOWDUCT, 1-1/4"" HDPE TWO-WAY DIV. REEL",W367,,4236,,TRUE,TRUE,TRUE,,,,,
1503,S1H08,"PLOWDUCT 1"" SDR-11 GREY SINGLE REEL HDPE",W367,,134,,TRUE,TRUE,,,,,,
1498,S1H01,"PLOWDUCT 1"" SDR-13.5 ORANGE SINGLE HDPE",W367,,5000,,TRUE,TRUE,,,,,,
6128DP,DP618-1,16/13 MICRO DUCT EMPTY SILICORE(GRN),W367,,2506,,TRUE,TRUE,,,,,,
6132DP,1613T001,"16/13 MICRO DUCT LOCATABLE,  ORNG",W367,,1236,,TRUE,TRUE,,,,,,
6134DP,181403,18/14 MICRO DUCT EMPTY SILICORE (ORNG),W367,,470,,TRUE,TRUE,,,,,,
6134DP,181402,18/14 MICRO DUCT EMPTY SILICORE (ORNG),W367,,806,,TRUE,TRUE,,,,,,
6129DP,DP622,16/13 MICRO DUCT EMPTY SILICORE(BLU),W367,,912,,TRUE,TRUE,,,,,,
6129DP,DP627,16/13 MICRO DUCT EMPTY SILICORE(BLU),W367,,882,,TRUE,TRUE,,,,,,
6129DP,DP125,16/13 MICRO DUCT EMPTY SILICORE(BLU),W367,,232,,TRUE,TRUE,,,,,,
6129DP,DP126,16/13 MICRO DUCT EMPTY SILICORE(BLU),W367,,254,,TRUE,TRUE,,,,,,
6134DP,181404,18/14 MICRO DUCT EMPTY SILICORE (ORNG),W367,,5000,,TRUE,TRUE,,,,,,
1503,S1H03,"PLOWDUCT 1"" SDR-11 GREY SINGLE REEL HDPE",W367,,5000,,TRUE,TRUE,,,,,,
1503,S1H09,"PLOWDUCT 1"" SDR-11 GREY SINGLE REEL HDPE",W367,,5000,,TRUE,TRUE,,,,,,
1503,S1H04,"PLOWDUCT 1"" SDR-11 GREY SINGLE REEL HDPE",W367,,5000,,TRUE,TRUE,,,,,,
1503,S1H01 (S1G02),"PLOWDUCT 1"" SDR-11 GREY SINGLE REEL HDPE",W367,,5000,,TRUE,TRUE,,,,,,
1503,S1H02,"PLOWDUCT 1"" SDR-11 GREY SINGLE REEL HDPE",W367,,5000,,TRUE,TRUE,,,,,,
1503,S1H10,"PLOWDUCT 1"" SDR-11 GREY SINGLE REEL HDPE",W367,,5000,,TRUE,TRUE,,,,,,
1503,S1H07,"PLOWDUCT 1"" SDR-11 GREY SINGLE REEL HDPE",W367,,5000,,TRUE,TRUE,,,,,,
1504,S4I08,"PLOWDUCT 4"" SDR11 SMOOTH BLACK EMPTY",W367,,766,,TRUE,TRUE,,,,,,
1502,D10AE,"PLOWDUCT, 1-1/4"" HDPE TWO-WAY DIV. REEL",W367,,4500,,TRUE,TRUE,TRUE,,,,,
1502,D03AE,"PLOWDUCT, 1-1/4"" HDPE TWO-WAY DIV. REEL",W367,,4392,,TRUE,TRUE,TRUE,,,,,
1504,S4I09,"PLOWDUCT 4"" SDR11 SMOOTH BLACK EMPTY",W367,,510,,TRUE,TRUE,,,,,,
1504,S4I14,"PLOWDUCT 4"" SDR11 SMOOTH BLACK EMPTY",W367,,66,,TRUE,TRUE,,,,,,
1504,S4I12,"PLOWDUCT 4"" SDR11 SMOOTH BLACK EMPTY",W367,,766,,TRUE,TRUE,,,,,,
1504,S4I13,"PLOWDUCT 4"" SDR11 SMOOTH BLACK EMPTY",W367,,766,,TRUE,TRUE,,,,,,
1504,S4I11,"PLOWDUCT 4"" SDR11 SMOOTH BLACK EMPTY",W367,,130,,TRUE,TRUE,,,,,,
1503,S1H06,"PLOWDUCT 1"" SDR-11 GREY SINGLE REEL HDPE",W367,,2962,,TRUE,TRUE,,,,,,
1398R,432R09,FO 432R RIBBON FIBER,W367,,2088,,TRUE,TRUE,,,20474,18386,,
1398R,432R10,FO 432R RIBBON FIBER,W367,,1956,,TRUE,TRUE,,,27070,29026,,
1390R,96R14,FO 96R RIBBON FIBER,W367,,4632,,TRUE,TRUE,,,62,4694,,
1398R,432R08,FO 432R RIBBON FIBER,W367,,0,,TRUE,TRUE,,,0,0,,
1503,S1G01,"PLOWDUCT 1"" SDR-11 GREY SINGLE REEL HDPE",W367,,2520,,TRUE,TRUE,,,,,,
1498,S1H12,"PLOWDUCT 1"" SDR-13.5 ORANGE SINGLE HDPE",W367,,5000,,TRUE,TRUE,,,,,,
1498,S1H13,"PLOWDUCT 1"" SDR-13.5 ORANGE SINGLE HDPE",W367,,5000,,TRUE,TRUE,,,,,,
1498,S1H14,"PLOWDUCT 1"" SDR-13.5 ORANGE SINGLE HDPE",W367,,5000,,TRUE,TRUE,,,,,,
1498,S1H15,"PLOWDUCT 1"" SDR-13.5 ORANGE SINGLE HDPE",W367,,5000,,TRUE,TRUE,,,,,,
1498,S1H16,"PLOWDUCT 1"" SDR-13.5 ORANGE SINGLE HDPE",W367,,5000,,TRUE,TRUE,,,,,,
1498,S1H17,"PLOWDUCT 1"" SDR-13.5 ORANGE SINGLE HDPE",W367,,5000,,TRUE,TRUE,,,,,,
1498,S1H19,"PLOWDUCT 1"" SDR-13.5 ORANGE SINGLE HDPE",W367,,5000,,TRUE,TRUE,,,,,,
1498,S1H18,"PLOWDUCT 1"" SDR-13.5 ORANGE SINGLE HDPE",W367,,5000,,TRUE,TRUE,,,,,,
1498,S1H20,"PLOWDUCT 1"" SDR-13.5 ORANGE SINGLE HDPE",W367,,5000,,TRUE,TRUE,,,,,,
1498,S1H11,"PLOWDUCT 1"" SDR-13.5 ORANGE SINGLE HDPE",W367,,5000,,TRUE,TRUE,,,,,,
5200DP,DP400,"PLOWDUCT 1"" GRAY 1800FT TONE",W367,,430,,TRUE,TRUE,,,,,,
1502,D11AF,"PLOWDUCT, 1-1/4"" HDPE TWO-WAY DIV. REEL",W367,,230,,TRUE,TRUE,TRUE,,,,,
1370,127,FO 144 FIBER LONG HAUL,W367,,2352,,TRUE,TRUE,,,,,,
1370,173,FO 144 FIBER LONG HAUL,W367,,2032,,TRUE,TRUE,,,,,,
1370,216,FO 144 FIBER LONG HAUL,W367,,4840,,TRUE,TRUE,,,,,,
1370,295,FO 144 FIBER LONG HAUL,W367,,22272,,TRUE,TRUE,,,,,,
1370,43,FO 144 FIBER LONG HAUL,W367,,15084,,TRUE,TRUE,,,,,,
1370,46,FO 144 FIBER LONG HAUL,W367,,2402,,TRUE,TRUE,,,,,,
1370,48,FO 144 FIBER LONG HAUL,W367,,1304,,TRUE,TRUE,,,,,,
1370,49,FO 144 FIBER LONG HAUL,W367,,15308,,TRUE,TRUE,,,,,,
1370,51,FO 144 FIBER LONG HAUL,W367,,15424,,TRUE,TRUE,,,,,,
1370,52,FO 144 FIBER LONG HAUL,W367,,15470,,TRUE,TRUE,,,,,,
1370,53,FO 144 FIBER LONG HAUL,W367,,15526,,TRUE,TRUE,,,,,,
1370,54,FO 144 FIBER LONG HAUL,W367,,15526,,TRUE,TRUE,,,,,,
1370,55,FO 144 FIBER LONG HAUL,W367,,8864,,TRUE,TRUE,,,,,,
1402M,288M006,288 MICROLITE NOVA MULTITUBE,W367,,2678,,TRUE,TRUE,,,9996,7318,,
1400M,432M004,FO 432F MICRO FIBER,W367,,680,,TRUE,TRUE,,,22,702,,
1363,7267,FO 48 WORMING FIBER CABLE,W367,,5772,,TRUE,TRUE,,,10224,4452,,
1378,1724,FO 288 FIBER,W367,,1500,,TRUE,TRUE,,,7504,6004,,
1400M,432M007,FO 432F MICRO FIBER,W367,,1624,,TRUE,TRUE,,,9334,7710,,
1400M,432M005,FO 432F MICRO FIBER,W367,,506,,TRUE,TRUE,,,9504,8998,,
1400M,432M018A,FO 432F MICRO FIBER,W367,,1266,,TRUE,TRUE,,,18462,17196,,
1402M,288M008,288 MICROLITE NOVA MULTITUBE,W367,,12572,,TRUE,TRUE,,,19668,7096,,
1400M,432M009,FO 432F MICRO FIBER,W367,,2638,,TRUE,TRUE,,,0,2638,,
1378,62301,FO 288 FIBER,W367,,1634,,TRUE,TRUE,,,4,1638,,
1400M,432M011,FO 432F MICRO FIBER,W367,,592,,TRUE,TRUE,,,20,612,,
1400M,432M010,FO 432F MICRO FIBER,W367,,840,,TRUE,TRUE,,,9904,9064,,
1400M,432M019,FO 432F MICRO FIBER,W367,,2222,,TRUE,TRUE,,,54,2276,,
1400M,432M015,FO 432F MICRO FIBER,W367,,1598,,TRUE,TRUE,,,0,1598,,
1400M,432M006,FO 432F MICRO FIBER,W367,,1326,,TRUE,TRUE,,,26,1352,,
1400M,432M002,FO 432F MICRO FIBER,W367,,812,,TRUE,TRUE,,,24,836,,
1400M,432M001,FO 432F MICRO FIBER,W367,,1982,,TRUE,TRUE,,,10,1992,,
1375,5035,FO 144 FIBER,W367,,8234,,TRUE,TRUE,,,44,8278,,
1400M,432M-017,FO 432F MICRO FIBER,W367,,2946,,TRUE,TRUE,,,20126,17180,,
1390R,96R04,FO 96R RIBBON FIBER,W367,,770,,TRUE,TRUE,,,24708,23938,,
1378,1563,FO 288 FIBER,W367,,722,,TRUE,TRUE,,,15466,14744,,
1398R,432R07,FO 432R RIBBON FIBER,W367,,1740,,TRUE,TRUE,,,14222,12482,,
1400M,432M008,FO 432F MICRO FIBER,W367,,520,,TRUE,TRUE,,,19204,18684,,
1375,5915,FO 144 FIBER,W367,,1808,,TRUE,TRUE,,,0,1808,,
1400M,432M014,FO 432F MICRO FIBER,W367,,3378,,TRUE,TRUE,,,2,3380,,
1400M,432M016,FO 432F MICRO FIBER,W367,,10070,,TRUE,TRUE,,,20148,10078,,
1400M,432N018,FO 432F MICRO FIBER,W367,,1660,,TRUE,TRUE,,,20124,18464,,
1375,38101,FO 144 FIBER,W367,,2148,,TRUE,TRUE,,,20654,18506,,
1398R,432R06,FO 432R RIBBON FIBER,W367,,3128,,TRUE,TRUE,,,13688,10560,,
1390R,96R11,FO 96R RIBBON FIBER,W367,,120,,TRUE,TRUE,,,24,144,,
1398R,432R05,FO 432R RIBBON FIBER,W367,,1356,,TRUE,TRUE,,,12,1368,,
1375,1568,FO 144 FIBER,W367,,2322,,TRUE,TRUE,,,20522,18200,,
1398R,432R04,FO 432R RIBBON FIBER,W367,,4186,,TRUE,TRUE,,,32,4218,,
1385R,24R06,FO 24R RIBBON FIBER,W367,,10268,,TRUE,TRUE,,,19550,9282,,
1361,2407,FO 24 FIBER,W367,,884,,TRUE,TRUE,,,74,958,,
620,25202,BFC 200X22,W367,,2506,,TRUE,TRUE,,,40814,43320,,
1385R,24R07,FO 24R RIBBON FIBER,W367,,10000,,TRUE,TRUE,,,12038,2038,,
1385R,24R08,FO 24R RIBBON FIBER,W367,,10000,,TRUE,TRUE,,,29860,39860,,
1396R,288R26,FO 288R RIBBON FIBER,W367,,11722,,TRUE,TRUE,,,4,11726,,
1396R,288R22,FO 288R RIBBON FIBER,W367,,710,,TRUE,TRUE,,,16008,16718,,
1375,6801,FO 144 FIBER,W367,,1710,,TRUE,TRUE,,,17484,15774,,
1375,23701,FO 144 FIBER,W367,,2730,,TRUE,TRUE,,,36,2766,,
1375,6157,FO 144 FIBER,W367,,1704,,TRUE,TRUE,,,4644,6348,,
1390R,96R06,FO 96R RIBBON FIBER,W367,,10626,,TRUE,TRUE,,,28,10654,,
1375,94502,FO 144 FIBER,W367,,1728,,TRUE,TRUE,,,10330,8602,,
1375,2940,FO 144 FIBER,W367,,3038,,TRUE,TRUE,,,96,3134,,
620,R3E0-2,BFC 200X22,W367,,244,,TRUE,TRUE,,,2726,2482,,
1364,8603,FO 96 FIBER,W367,,1538,,TRUE,TRUE,,,60,1598,,
1390R,96R05,FO 96R RIBBON FIBER,W367,,1488,,TRUE,TRUE,,,60,1548,,
1390R,96R08,FO 96R RIBBON FIBER,W367,,19934,,TRUE,TRUE,,,0,19934,,
1390R,96R12,FO 96R RIBBON FIBER,W367,,1980,,TRUE,TRUE,,,38,2018,,
1390R,96R15,FO 96R RIBBON FIBER,W367,,986,,TRUE,TRUE,,,42,1028,,
1390R,96R07,FO 96R RIBBON FIBER,W367,,20032,,TRUE,TRUE,,,0,20032,,
1390R,96R13,FO 96R RIBBON FIBER,W367,,20000,,TRUE,TRUE,,,348,20348,,
1390R,96R10,FO 96R RIBBON FIBER,W367,,26390,,TRUE,TRUE,,,26436,46,,
1364,4901,FO 96 FIBER,W367,,572,,TRUE,TRUE,,,58,630,,
1364,42702,FO 96 FIBER,W367,,1510,,TRUE,TRUE,,,20808,19298,,
1390R,96R02,FO 96R RIBBON FIBER,W367,,1286,,TRUE,TRUE,,,10050,8764,,
1366,49909,FO 96 FIBER (DRY),W367,,1622,,TRUE,TRUE,,,4416,6038,,
1390R,96R03,FO 96R RIBBON FIBER,W367,,984,,TRUE,TRUE,,,21946,20962,,
1364,86402,FO 96 FIBER,W367,,756,,TRUE,TRUE,,,20400,19644,,
1364,86401,FO 96 FIBER,W367,,1242,,TRUE,TRUE,,,30394,29152,,
550,46400,BFC 50X22,W367,,1028,,TRUE,TRUE,,,10062,9034,,
580,5200,BFC 100X22,W367,,4366,,TRUE,TRUE,,,52,4418,,
570,6002,BFC 50X24,W367,,2944,,TRUE,TRUE,,,7314,4370,,
550,29000,BFC 50X22,W367,,712,,TRUE,TRUE,,,36784,36072,,
550,50B001,BFC 50X22,W367,,954,,TRUE,TRUE,,,15078,14124,,
580,4200,BFC 100X22,W367,,4576,,TRUE,TRUE,,,15070,19646,,
580,KX8K673,BFC 100X22,W367,,5002,,TRUE,TRUE,,,2,5004,,
550,34900,BFC 50X22,W367,,3850,,TRUE,TRUE,,,5394,1544,,
550,50B002,BFC 50X22,W367,,4508,,TRUE,TRUE,,,10078,5570,,
550,50B02,BFC 50X22,W367,,2842,,TRUE,TRUE,,,2844,2,,
550,50B03,BFC 50X22,W367,,3176,,TRUE,TRUE,,,14204,11028,,
550,50B04,BFC 50X22,W367,,4088,,TRUE,TRUE,,,11136,7048,,
1378,94500,FO 288 FIBER,W367,,2120,,TRUE,TRUE,,,30,2150,,
1396R,288R24,FO 288R RIBBON FIBER,W367,,3898,,TRUE,TRUE,,,10170,6272,,
1396R,288R25,FO 288R RIBBON FIBER,W367,,19858,,TRUE,TRUE,,,8,19866,,
1396R,288R27,FO 288R RIBBON FIBER,W367,,19588,,TRUE,TRUE,,,6,19594,,
1378,28817,FO 288 FIBER,W367,,19776,,TRUE,TRUE,,,8,19784,,
1378,28815,FO 288 FIBER,W367,,20049,,TRUE,TRUE,,,11,20060,,
1378,28816,FO 288 FIBER,W367,,20136,,TRUE,TRUE,,,18,20154,,
530,50402,BFC 25x22,W367,,530,,TRUE,TRUE,,,26166,25636,,
530,25B01,BFC 25x22,W367,,2946,,TRUE,TRUE,,,5178,2232,,
530,25B04,BFC 25x22,W367,,5000,,TRUE,TRUE,,,41636,36636,,
530,25B05,BFC 25x22,W367,,5000,,TRUE,TRUE,,,36636,31636,,
530,25B06,BFC 25x22,W367,,5000,,TRUE,TRUE,,,31636,26636,,
480,6B052,BFC 6 X 22,W367,,3216,,TRUE,TRUE,,,3220,4,,
480,61103,BFC 6 X 22,W367,,228,,TRUE,TRUE,,,16358,16130,,
480,96504,BFC 6 X 22,W367,,194,,TRUE,TRUE,,,33632,33438,,
480,6B046,BFC 6 X 22,W367,,202,,TRUE,TRUE,,,54218,54016,,
480,6B044.1,BFC 6 X 22,W367,,270,,TRUE,TRUE,,,56218,55948,,
480,54701,BFC 6 X 22,W367,,204,,TRUE,TRUE,,,5176,4972,,
530,50403,BFC 25x22,W367,,1688,,TRUE,TRUE,,,21166,19478,,
460,4007003,DW 6X22,W367,,190,,TRUE,TRUE,,,10084,9894,,
480,6B081,BFC 6 X 22,W367,,1000,,TRUE,TRUE,,,29672,28672,,
480,6B079,BFC 6 X 22,W367,,1000,,TRUE,TRUE,,,31672,30672,,
480,6B080,BFC 6 X 22,W367,,1000,,TRUE,TRUE,,,30672,29672,,
480,6B076,BFC 6 X 22,W367,,1000,,TRUE,TRUE,,,34672,33672,,
480,6B077,BFC 6 X 22,W367,,1000,,TRUE,TRUE,,,33672,32672,,
480,6B075,BFC 6 X 22,W367,,1000,,TRUE,TRUE,,,35672,34672,,
480,6B078,BFC 6 X 22,W367,,1000,,TRUE,TRUE,,,32672,31672,,
480,6B73,BFC 6 X 22,W367,,5000,,TRUE,TRUE,,,15264,10264,,
480,6B056,BFC 6 X 22,W367,,5000,,TRUE,TRUE,,,10902,5902,,
480,6B058,BFC 6 X 22,W367,,5000,,TRUE,TRUE,,,20902,15902,,
480,6B054,BFC 6 X 22,W367,,5000,,TRUE,TRUE,,,15902,10902,,
480,6B057,BFC 6 X 22,W367,,4920,,TRUE,TRUE,,,5902,982,,
480,6B70,BFC 6 X 22,W367,,1050,,TRUE,TRUE,,,1244,194,,
480,6B61,BFC 6 X 22,W367,,1000,,TRUE,TRUE,,,10262,9262,,
480,6B67,BFC 6 X 22,W367,,1000,,TRUE,TRUE,,,4250,3250,,
480,6B63,BFC 6 X 22,W367,,1000,,TRUE,TRUE,,,8258,7258,,
480,6B66,BFC 6 X 22,W367,,1000,,TRUE,TRUE,,,5252,4252,,
480,6B65,BFC 6 X 22,W367,,1000,,TRUE,TRUE,,,6264,5264,,
480,6B60,BFC 6 X 22,W367,,5000,,TRUE,TRUE,,,20266,15266,,
480,6B59,BFC 6 X 22,W367,,5000,,TRUE,TRUE,,,25268,20268,,
480,6B055,BFC 6 X 22,W367,,5000,,TRUE,TRUE,,,25902,20902,,
480,6B020,BFC 6 X 22,W367,,1450,,TRUE,TRUE,,,7284,5834,,
480,6B074,BFC 6 X 22,W367,,1000,,TRUE,TRUE,,,36672,35672,,
480,6B033,BFC 6 X 22,W367,,1000,,TRUE,TRUE,,,27790,26790,,
1378,28807,FO 288 FIBER,W367,,1192,,TRUE,TRUE,,,20344,19152,,
480,6B035,BFC 6 X 22,W367,,196,,TRUE,TRUE,,,11344,11148,,
480,6B034,BFC 6 X 22,W367,,196,,TRUE,TRUE,,,12344,12148,,
480,6B022,BFC 6 X 22,W367,,1000,,TRUE,TRUE,,,9874,8874,,
480,6B050,BFC 6 X 22,W367,,452,,TRUE,TRUE,,,55218,54766,,
480,6B037,BFC 6 X 22,W367,,1000,,TRUE,TRUE,,,29512,28512,,
480,6B032,BFC 6 X 22,W367,,1000,,TRUE,TRUE,,,28790,27790,,
480,6B036,BFC 6 X 22,W367,,1000,,TRUE,TRUE,,,30512,29512,,
460,6DW07,DW 6X22,W367,,202,,TRUE,TRUE,,,4108,3906,,
480,6B72,BFC 6 X 22,W367,,1000,,TRUE,TRUE,,,2856,1856,,
480,6B71,BFC 6 X 22,W367,,1000,,TRUE,TRUE,,,2,1002,,
460,6DW11,DW 6X22,W367,,5000,,TRUE,TRUE,,,17060,22060,,
460,6DW08,DW 6X22,W367,,192,,TRUE,TRUE,,,17762,17954,,
480,6B68,BFC 6 X 22,W367,,94,,TRUE,TRUE,,,3248,3154,,
480,6B053,BFC 6 X 22,W367,,818,,TRUE,TRUE,,,12328,11510,,
460,6DW13,DW 6X22,W367,,3066,,TRUE,TRUE,,,16880,13814,,
460,6DW17,DW 6X22,W367,,5000,,TRUE,TRUE,,,10000,5000,,
460,6DW12,DW 6X22,W367,,4978,,TRUE,TRUE,,,21880,16902,,
460,6DW14,DW 6X22,W367,,5000,,TRUE,TRUE,,,25000,20000,,
460,6DW15,DW 6X22,W367,,5000,,TRUE,TRUE,,,20000,15000,,
460,6DW18,DW 6X22,W367,,4010,,TRUE,TRUE,,,5000,990,,
460,6DW09,DW 6X22,W367,,276,,TRUE,TRUE,,,7058,7334,,
1375,67033,FO 144 FIBER,W367,,5564,,TRUE,TRUE,,,10116,15680,,
1378,7980,FO 288 FIBER,W367,,840,,TRUE,TRUE,,,28,868,,
1398R,432R02,FO 432R RIBBON FIBER,W367,,624,,TRUE,TRUE,,,10290,9666,,
1375,14401,FO 144 FIBER,W367,,1420,,TRUE,TRUE,,,46,1466,,
1396R,288R13,FO 288R RIBBON FIBER,W367,,5102,,TRUE,TRUE,,,25712,30814,,
1396R,288R12,FO 288R RIBBON FIBER,W367,,438,,TRUE,TRUE,,,66610,66172,,
1396R,288R21,FO 288R RIBBON FIBER,W367,,10000,,TRUE,TRUE,,,26914,16914,,
1396R,288R10,FO 288R RIBBON FIBER,W367,,5614,,TRUE,TRUE,,,0,5614,,
1375,1559,FO 144 FIBER,W367,,5000,,TRUE,TRUE,,,5004,10004,,
1396R,288R15,FO 288R RIBBON FIBER,W367,,1920,,TRUE,TRUE,,,20350,18430,,
1392R,144R08,FO 144R RIBBON FIBER,W367,,1632,,TRUE,TRUE,,,28,1660,,
1378,28812,FO 288 FIBER,W367,,2224,,TRUE,TRUE,,,10548,8324,,
1399R,864R01,FO 864R RIBBON FIBER,W367,,3544,,TRUE,TRUE,,,19852,16308,,
1392R,144R14,FO 144R RIBBON FIBER,W367,,2026,,TRUE,TRUE,,,6604,8630,,
1365,409286,FO 48 FIBER (DRY),W367,,10018,,TRUE,TRUE,,,0,10018,,
1365,409503,FO 48 FIBER (DRY),W367,,10018,,TRUE,TRUE,,,10022,20040,,
1365,70450,FO 48 FIBER (DRY),W367,,5000,,TRUE,TRUE,,,15194,20194,,
1375,65608,FO 144 FIBER,W367,,1068,,TRUE,TRUE,,,76,1144,,
1396R,288R20,FO 288R RIBBON FIBER,W367,,5620,,TRUE,TRUE,,,20410,14790,,
1350,3101,FO 72 FIBER,W367,,5570,,TRUE,TRUE,,,5574,4,,
1392R,144R14-1,FO 144R RIBBON FIBER,W367,,2038,,TRUE,TRUE,,,30,2068,,
1375,22942,FO 144 FIBER,W367,,2160,,TRUE,TRUE,,,18102,15942,,
1396R,288R18,FO 288R RIBBON FIBER,W367,,3256,,TRUE,TRUE,,,10206,6950,,
1392R,144R09,FO 144R RIBBON FIBER,W367,,1038,,TRUE,TRUE,,,38,1076,,
1392R,144R07,FO 144R RIBBON FIBER,W367,,954,,TRUE,TRUE,,,36,990,,
1375,6167,FO 144 FIBER,W367,,820,,TRUE,TRUE,,,5036,5856,,
1375,1688,FO 144 FIBER,W367,,954,,TRUE,TRUE,,,4986,4032,,
1375,901495,FO 144 FIBER,W367,,5000,,TRUE,TRUE,,,5526,526,,
1375,901503,FO 144 FIBER,W367,,5000,,TRUE,TRUE,,,14428,9428,,
1375,901497,FO 144 FIBER,W367,,5000,,TRUE,TRUE,,,5522,522,,
1392R,144R18,FO 144R RIBBON FIBER,W367,,20022,,TRUE,TRUE,,,18,20040,,
1392R,144R06,FO 144R RIBBON FIBER,W367,,446,,TRUE,TRUE,,,50,496,,
1386R,48R67,FO 48R RIBBON FIBER,W367,,280,,TRUE,TRUE,,,66,346,,
1375,24202,FO 144 FIBER,W367,,1748,,TRUE,TRUE,,,10300,8552,,
1375,1725,FO 144 FIBER,W367,,5000,,TRUE,TRUE,,,5452,452,,
1375,7102,FO 144 FIBER,W367,,822,,TRUE,TRUE,,,10000,9178,,
1375,1648,FO 144 FIBER,W367,,4998,,TRUE,TRUE,,,15010,10012,,
1392R,144R02,FO 144R RIBBON FIBER,W367,,3020,,TRUE,TRUE,,,31274,28254,,
1392R,144R12,FO 144R RIBBON FIBER,W367,,1450,,TRUE,TRUE,,,20266,18816,,
1396R,288R09,FO 288R RIBBON FIBER,W367,,5084,,TRUE,TRUE,,,5084,0,,
1375,63114,FO 144 FIBER,W367,,4340,,TRUE,TRUE,,,21080,25420,,
1392R,144R15,FO 144R RIBBON FIBER,W367,,14184,,TRUE,TRUE,,,6,14190,,
1378,71402,FO 288 FIBER,W367,,722,,TRUE,TRUE,,,10400,9678,,
1378,95500,FO 288 FIBER,W367,,360,,TRUE,TRUE,,,26,386,,
1396R,288R02,FO 288R RIBBON FIBER,W367,,6470,,TRUE,TRUE,,,0,6470,,
1392R,144R11,FO 144R RIBBON FIBER,W367,,4960,,TRUE,TRUE,,,28,4988,,
1392R,144R10,FO 144R RIBBON FIBER,W367,,20002,,TRUE,TRUE,,,0,20002,,
580,74400,BFC 100X22,W367,,750,,TRUE,TRUE,,,4902,5652,,
1375,94501,FO 144 FIBER,W367,,276,,TRUE,TRUE,,,20584,20308,,
1367,38441,FO 288 FIBER (DRY),W367,,1002,,TRUE,TRUE,,,18,1020,,
1402M,288M005,288 MICROLITE NOVA MULTITUBE,W367,,7288,,TRUE,TRUE,,,78,7366,,
500,12B06,BFC 12X22,W367,,3696,,TRUE,TRUE,,,35864,32168,,
500,12B09,BFC 12X22,W367,,5000,,TRUE,TRUE,,,26146,21146,,
500,12B08,BFC 12X22,W367,,5000,,TRUE,TRUE,,,31146,26146,,
500,12B07,BFC 12X22,W367,,5000,,TRUE,TRUE,,,36146,31146,,
1384R,12R09,FO 12R RIBBON FIBER,W367,,5000,,TRUE,TRUE,,,5620,10620,,
1384R,12R07,FO 12R RIBBON FIBER,W367,,5000,,TRUE,TRUE,,,7074,2074,,
1384R,12R08,FO 12R RIBBON FIBER,W367,,5000,,TRUE,TRUE,,,618,5618,,
1384R,12R10,FO 12R RIBBON FIBER,W367,,5000,,TRUE,TRUE,,,10622,15622,,
1368,12FDW01,FO 12 FIBER FIGURE 8 DROP,W367,,920,,TRUE,TRUE,,,10678,9758,,
1368,12FDW02,FO 12 FIBER FIGURE 8 DROP,W367,,1054,,TRUE,TRUE,,,20504,19450,,
1368,12FDW08,FO 12 FIBER FIGURE 8 DROP,W367,,6746,,TRUE,TRUE,,,18520,11774,,
1368,12FDW05,FO 12 FIBER FIGURE 8 DROP,W367,,10000,,TRUE,TRUE,,,23530,13530,,
1368,12FDW07,FO 12 FIBER FIGURE 8 DROP,W367,,10000,,TRUE,TRUE,,,17258,7258,,
500,12B05,BFC 12X22,W367,,866,,TRUE,TRUE,,,40864,39998,,
500,12B01,BFC 12X22,W367,,4070,,TRUE,TRUE,,,60864,56794,,
1384R,12R05,FO 12R RIBBON FIBER,W367,,4322,,TRUE,TRUE,,,92,4414,,
1368,12FDW03,FO 12 FIBER FIGURE 8 DROP,W367,,386,,TRUE,TRUE,,,10386,10000,,
1359F,12TD44,FLAT TONEABLE FO 12 FIBER,W367,,160,,TRUE,TRUE,,,25280,25120,,
1359F,12TD01,FLAT TONEABLE FO 12 FIBER,W367,,264,,TRUE,TRUE,,,10260,9996,,
1359F,12TD20,FLAT TONEABLE FO 12 FIBER,W367,,416,,TRUE,TRUE,,,9896,10312,,
1359F,12TD18,FLAT TONEABLE FO 12 FIBER,W367,,602,,TRUE,TRUE,,,15302,14700,,
1359F,12TD19-K774,FLAT TONEABLE FO 12 FIBER,K774,,1562,,TRUE,TRUE,,,20304,18742,,
1359F,12TD45,FLAT TONEABLE FO 12 FIBER,W367,,5000,,TRUE,TRUE,,,20292,15292,,
1359F,12TD54,FLAT TONEABLE FO 12 FIBER,W367,,5000,,TRUE,TRUE,,,5014,14,,
1359F,12TD53,FLAT TONEABLE FO 12 FIBER,W367,,5000,,TRUE,TRUE,,,15066,10066,,
1359F,12TD51,FLAT TONEABLE FO 12 FIBER,W367,,5000,,TRUE,TRUE,,,15102,10102,,
1359F,12TD50,FLAT TONEABLE FO 12 FIBER,W367,,5000,,TRUE,TRUE,,,25352,20352,,
1359F,12TD48,FLAT TONEABLE FO 12 FIBER,W367,,5000,,TRUE,TRUE,,,10062,5062,,
5958DP,2F912,LIGHTSCOPE ZWP 2 FIBER+TONE WIRE OTDR DR,W367,,14991,,TRUE,TRUE,,,14991,0,,
5958DP,2F911,LIGHTSCOPE ZWP 2 FIBER+TONE WIRE OTDR DR,W367,,30575,,TRUE,TRUE,,,30575,0,,
1361,2408-1,FO 24 FIBER,W367,,560,,TRUE,TRUE,,,122,682,,
1385R,24R02,FO 24R RIBBON FIBER,W367,,510,,TRUE,TRUE,,,62,572,,
1384R,12R03,FO 12R RIBBON FIBER,W367,,1264,,TRUE,TRUE,,,16968,15704,,
1385R,24R01,FO 24R RIBBON FIBER,W367,,586,,TRUE,TRUE,,,34,620,,
1361,558,FO 24 FIBER,W367,,594,,TRUE,TRUE,,,39496,38902,,
1384R,12R04,FO 12R RIBBON FIBER,W367,,632,,TRUE,TRUE,,,11968,11336,,
1362,4818,FO 48 FIBER,W367,,5208,,TRUE,TRUE,,,42,5250,,
1384R,12R06,FO 12R RIBBON FIBER,W367,,1688,,TRUE,TRUE,,,39968,38280,,
1386R,48R03,FO 48R RIBBON FIBER,W367,,572,,TRUE,TRUE,,,20074,19502,,
1362,4819,FO 48 FIBER,W367,,20010,,TRUE,TRUE,,,4,20014,,
1386R,48R75,FO 48R RIBBON FIBER,W367,,2748,,TRUE,TRUE,,,39470,36722,,
1386R,48R31,FO 48R RIBBON FIBER,W367,,1158,,TRUE,TRUE,,,30092,28934,,
1362,87213,FO 48 FIBER,W367,,872,,TRUE,TRUE,,,30148,29276,,
1386R,48R82,FO 48R RIBBON FIBER,W367,,1304,,TRUE,TRUE,,,36,1340,,
1386R,48R62,FO 48R RIBBON FIBER,W367,,700,,TRUE,TRUE,,,40,740,,
1386R,48R65,FO 48R RIBBON FIBER,W367,,840,,TRUE,TRUE,,,19702,18862,,
1362,4821,FO 48 FIBER,W367,,19006,,TRUE,TRUE,,,40270,21264,,
1386R,48R68,FO 48R RIBBON FIBER,W367,,1088,,TRUE,TRUE,,,42,1130,,
1386R,48R37,FO 48R RIBBON FIBER,W367,,862,,TRUE,TRUE,,,4,866,,
1386R,48R22,FO 48R RIBBON FIBER,W367,,1018,,TRUE,TRUE,,,40338,39320,,
1386R,48R71,FO 48R RIBBON FIBER,W367,,350,,TRUE,TRUE,,,1600,1950,,
1386R,48R61,FO 48R RIBBON FIBER,W367,,424,,TRUE,TRUE,,,44,468,,
1386R,48R18,FO 48R RIBBON FIBER,W367,,742,,TRUE,TRUE,,,30354,29612,,
1386R,48R60,FO 48R RIBBON FIBER,W367,,2292,,TRUE,TRUE,,,46,2338,,
1386R,48R63,FO 48R RIBBON FIBER,W367,,356,,TRUE,TRUE,,,44,400,,
1386R,48R70,FO 48R RIBBON FIBER,W367,,1478,,TRUE,TRUE,,,40280,38802,,
1386R,48R38,FO 48R RIBBON FIBER,W367,,1104,,TRUE,TRUE,,,40098,38994,,
1362,F4815,FO 48 FIBER,W367,,498,,TRUE,TRUE,,,8102,8600,,
1386R,48R33,FO 48R RIBBON FIBER,W367,,568,,TRUE,TRUE,,,10088,9520,,
1386R,48R64,FO 48R RIBBON FIBER,W367,,934,,TRUE,TRUE,,,78,1012,,
1386R,48R45,FO 48R RIBBON FIBER,W367,,422,,TRUE,TRUE,,,20008,19586,,
1386R,48R81,FO 48R RIBBON FIBER,W367,,1318,,TRUE,TRUE,,,90,1408,,
1386R,48R53,FO 48R RIBBON FIBER,W367,,984,,TRUE,TRUE,,,40118,39134,,
1386R,48R74,FO 48R RIBBON FIBER,W367,,676,,TRUE,TRUE,,,39550,38874,,
1362,4820,FO 48 FIBER,W367,,2468,,TRUE,TRUE,,,30,2498,,
1386R,48R77,FO 48R RIBBON FIBER,W367,,1538,,TRUE,TRUE,,,72,1610,,
1386R,48R59,FO 48R RIBBON FIBER,W367,,768,,TRUE,TRUE,,,0,768,,
1386R,48R69,FO 48R RIBBON FIBER,W367,,562,,TRUE,TRUE,,,96,658,,
1386R,48R72,FO 48R RIBBON FIBER,W367,,1852,,TRUE,TRUE,,,39618,37766,,
1386R,48R79,FO 48R RIBBON FIBER,W367,,19916,,TRUE,TRUE,,,39974,20058,,
1386R,48R25,FO 48R RIBBON FIBER,W367,,996,,TRUE,TRUE,,,10128,9132,,
1364,509801,FO 96 FIBER,W367,,920,,TRUE,TRUE,,,30518,29598,,
1375,68000,FO 144 FIBER,W367,,7604,,TRUE,TRUE,,,4,7608,,
1386R,48R66,FO 48R RIBBON FIBER,W367,,3732,,TRUE,TRUE,,,20104,16372,,
1502,D06AB,"PLOWDUCT, 1-1/4"" HDPE TWO-WAY DIV. REEL",W367,,96,,TRUE,TRUE,TRUE,,,,,
1503,S1F01,"PLOWDUCT 1"" SDR-11 GREY SINGLE REEL HDPE",W367,,0,,TRUE,TRUE,,,,,,
1502,D09AD,"PLOWDUCT, 1-1/4"" HDPE TWO-WAY DIV. REEL",W367,,0,,TRUE,TRUE,TRUE,,,,,
5951DP,2F293,FTTP TONE 2 DROP FIBER 900um W7002K101,W367,,5000,,TRUE,TRUE,,,,,,
5951DP,2F1087,FTTP TONE 2 DROP FIBER 900um W7002K101,W367,,2500,,TRUE,TRUE,,,,,,
5951DP,2F1088,FTTP TONE 2 DROP FIBER 900um W7002K101,W367,,2500,,TRUE,TRUE,,,,,,
5951DP,2F1089,FTTP TONE 2 DROP FIBER 900um W7002K101,W367,,2500,,TRUE,TRUE,,,,,,
5951DP,2F1090,FTTP TONE 2 DROP FIBER 900um W7002K101,W367,,2500,,TRUE,TRUE,,,,,,
5951DP,2F1091,FTTP TONE 2 DROP FIBER 900um W7002K101,W367,,2500,,TRUE,TRUE,,,,,,
5951DP,2F1069,FTTP TONE 2 DROP FIBER 900um W7002K101,W367,,964,,TRUE,TRUE,,,,,,
5953DP,2F1095,FTTP TONE 2 DROP FIBER MICRO,W367,,0,,TRUE,TRUE,,,,,,
5953DP,2F1096,FTTP TONE 2 DROP FIBER MICRO,W367,,2500,,TRUE,TRUE,,,,,,
5953DP,2F1097,FTTP TONE 2 DROP FIBER MICRO,W367,,2500,,TRUE,TRUE,,,,,,
5953DP,2F1098,FTTP TONE 2 DROP FIBER MICRO,W367,,2500,,TRUE,TRUE,,,,,,
5953DP,2F1099,FTTP TONE 2 DROP FIBER MICRO,W367,,2500,,TRUE,TRUE,,,,,,
5953DP,2F1100,FTTP TONE 2 DROP FIBER MICRO,W367,,2500,,TRUE,TRUE,,,,,,
5953DP,2F1101,FTTP TONE 2 DROP FIBER MICRO,W367,,2500,,TRUE,TRUE,,,,,,
5953DP,2F1102,FTTP TONE 2 DROP FIBER MICRO,W367,,2500,,TRUE,TRUE,,,,,,
5953DP,2F1103,FTTP TONE 2 DROP FIBER MICRO,W367,,2500,,TRUE,TRUE,,,,,,
5953DP,2F1104,FTTP TONE 2 DROP FIBER MICRO,W367,,2500,,TRUE,TRUE,,,,,,
5953DP,2F1105,FTTP TONE 2 DROP FIBER MICRO,W367,,2500,,TRUE,TRUE,,,,,,
5953DP,2F1106,FTTP TONE 2 DROP FIBER MICRO,W367,,2500,,TRUE,TRUE,,,,,,
5953DP,2F1107,FTTP TONE 2 DROP FIBER MICRO,W367,,2500,,TRUE,TRUE,,,,,,
5953DP,2F1108,FTTP TONE 2 DROP FIBER MICRO,W367,,2500,,TRUE,TRUE,,,,,,
5953DP,2F1109,FTTP TONE 2 DROP FIBER MICRO,W367,,2500,,TRUE,TRUE,,,,,,
5953DP,2F1110,FTTP TONE 2 DROP FIBER MICRO,W367,,2500,,TRUE,TRUE,,,,,,
5953DP,2F1111,FTTP TONE 2 DROP FIBER MICRO,W367,,2500,,TRUE,TRUE,,,,,,
5953DP,2F1112,FTTP TONE 2 DROP FIBER MICRO,W367,,2500,,TRUE,TRUE,,,,,,
5953DP,2F1113,FTTP TONE 2 DROP FIBER MICRO,W367,,2500,,TRUE,TRUE,,,,,,
5953DP,2F1114,FTTP TONE 2 DROP FIBER MICRO,W367,,2500,,TRUE,TRUE,,,,,,
5953DP,2F1115,FTTP TONE 2 DROP FIBER MICRO,W367,,2500,,TRUE,TRUE,,,,,,
5953DP,2F1116,FTTP TONE 2 DROP FIBER MICRO,W367,,2500,,TRUE,TRUE,,,,,,
5953DP,2F1117,FTTP TONE 2 DROP FIBER MICRO,W367,,2500,,TRUE,TRUE,,,,,,
5953DP,2F1118,FTTP TONE 2 DROP FIBER MICRO,W367,,2500,,TRUE,TRUE,,,,,,
5953DP,2F1119,FTTP TONE 2 DROP FIBER MICRO,W367,,2500,,TRUE,TRUE,,,,,,
1881DPC,DP722,TELEPHONE DROP WIRE 6x22 1000FT 2090051,W367,,1000,,TRUE,TRUE,,,,,,
1881DPC,DP723,TELEPHONE DROP WIRE 6x22 1000FT 2090051,W367,,1000,,TRUE,TRUE,,,,,,
1359F,12TD52,FLAT TONEABLE FO 12 FIBER,W367,,5000,,TRUE,TRUE,,,20122,25122,,
1360,1653,FO 12 FIBER,W367,,0,,TRUE,TRUE,,,,,,
6142DP,S2F02,2FBR 6MM 8.5 MM OD MICRO DUCT,W367,,2500,,TRUE,TRUE,,,,,,
6142DP,S2F04,2FBR 6MM 8.5 MM OD MICRO DUCT,W367,,2500,,TRUE,TRUE,,,,,,
6142DP,S2F05,2FBR 6MM 8.5 MM OD MICRO DUCT,W367,,2500,,TRUE,TRUE,,,,,,
6142DP,S2F06,2FBR 6MM 8.5 MM OD MICRO DUCT,W367,,2500,,TRUE,TRUE,,,,,,
1385R,24R04,FO 24R RIBBON FIBER,W367,,0,,TRUE,TRUE,,,,,,
1385R,24R05,FO 24R RIBBON FIBER,W367,,0,,TRUE,TRUE,,,,,,
1396R,288R19,FO 288R RIBBON FIBER,W367,,0,,TRUE,TRUE,,,,,,
5951DP,2F268,FTTP TONE 2 DROP FIBER 900um W7002K101,W367,,4500,,TRUE,TRUE,,,,,,
5951DP,2F1092,FTTP TONE 2 DROP FIBER 900um W7002K101,W367,,2500,,TRUE,TRUE,,,,,,
